Date,Open,High,Low,Close,Volume,MA50,MA200,Daily_Return,Volatility_30d,Volatility_Annualized,MA20,BB_Upper,BB_Lower
2021-10-04,166.12058842710303,166.55039643333976,160.51968589669755,162.2143814086914,332830000,173.1938367767334,155.52821286010743,-0.034008780368175895,0.012571737307269636,0.1995701427784096,173.37988338470458,184.76675994286327,161.9930068265459
2021-10-05,163.04278349728514,166.74871414076134,162.51661666346348,165.34155502319337,309370000,172.96690269470216,155.6568021354675,0.019278029403713592,0.012829223216056654,0.20365760486293308,172.54254894256593,183.6936277247625,161.39147016036935
2021-10-06,163.92423946141665,166.70247970097972,162.70400975048472,166.45127487182617,230492100,172.8114125366211,155.79329299163817,0.0067116814552588,0.012842024463755363,0.2038608183702258,171.82016819000245,182.55608583735113,161.08425054265376
2021-10-07,167.94447441980338,169.19740502540003,165.92122434803437,166.41537857055664,198901200,172.622945602417,155.93157034683227,-0.00021565651147559262,0.01283071395508247,0.20368126961132513,171.13254322052,181.36721686785535,160.89786957318466
2021-10-08,167.27521255336336,168.0651602415315,166.00833979012617,166.49285125732422,173930300,172.502083404541,156.07318880844116,0.0004655380255902397,0.012817202072795334,0.20346677512966826,170.5244246292114,180.3126608763449,160.73618838207793
2021-10-11,165.66738955372676,167.30512789400464,164.53486816304962,164.85577774047852,166423400,172.41292810058596,156.208455493927,-0.009832695545080816,0.012456778948584055,0.19774523540914835,169.85138145446777,179.226046389413,160.47671651952254
2021-10-12,164.79702217101834,165.27181293059698,162.0837587899285,163.7493034362793,209691600,172.3198854827881,156.33829888534547,-0.006711771460876981,0.011782708914736978,0.1870447053543468,169.14977863311768,178.11704654714381,160.18251071909154
2021-10-13,164.888074318834,165.23030153329114,163.17346523970485,164.47517471313478,185783200,172.228712890625,156.4496306877136,0.004432820547159988,0.011845643772258767,0.1880437652451464,168.46476879119874,176.58183749153957,160.3477000908579
2021-10-14,166.07194325811602,167.40881533545274,165.3512164290459,166.76523361206054,185010300,172.15620103454592,156.5721228904724,0.013923431927766128,0.012130853416550808,0.19257132798703003,167.90338409423828,174.6897772183646,161.11699097011194
2021-10-15,167.08833426649903,168.42493386722276,165.31404343975595,167.25346755981445,264577700,172.06524731445313,156.70653701782226,0.0029276722562550095,0.01211875609495247,0.192379288960155,167.51349304199218,173.4082083777421,161.61877770624224
2021-10-18,167.62420971154106,170.73530150279865,167.01620161861965,170.53310623168946,237743200,172.0504565887451,156.85609172058105,0.019608793286764792,0.01272435234882539,0.2019928314561155,167.4952829360962,173.34808528504686,161.64248058714554
2021-10-19,171.45290088928778,172.77001402036714,170.52135540297417,171.9710220336914,239382200,172.06833946228028,157.02681522750856,0.008431886533799338,0.012558680025685219,0.19936286485918414,167.5317928314209,173.4911137933005,161.57247186954126
2021-10-20,172.48125943743443,173.17089399099262,170.49580279628353,171.36612396240236,244362300,172.08424787902834,157.18887282943726,-0.0035174418581437328,0.012531769125483882,0.19893566756224643,167.60769260406497,173.72773085283495,161.48765435529498
2021-10-21,171.2461883145399,172.64962343540714,170.20281462272973,172.4100357055664,226066400,172.13383795166013,157.37490641021728,0.006091704235506201,0.012603576000455493,0.200075566363844,167.6691683959961,173.96256414818177,161.37577264381045
2021-10-22,168.6653225236839,170.05598140156013,165.91246606449394,167.21672973632812,269337900,172.0518507385254,157.52082341003418,-0.030121831063866567,0.013604535195513865,0.21596530097973105,167.38697952270508,173.18706180671407,161.58689723869608
2021-10-25,166.33139552691674,168.76037970900205,165.08212591209258,167.9773712158203,206396600,171.9798695220947,157.66826398468018,0.004548835996802447,0.013658852927267567,0.21682756823973953,167.17273277282715,172.5128737623891,161.8325917832652
2021-10-26,168.72006726508053,170.28397920303306,164.49595651418562,166.42145233154298,258797400,171.8513872833252,157.82814554977418,-0.009262669566832638,0.013723974837838977,0.21786134652137956,167.14814632415772,172.49783825749577,161.79845439081967
2021-10-27,166.25633816892133,169.70068564371655,165.35616434284157,167.03954620361327,248661700,171.7885669708252,157.99807584381105,0.0037140276293161634,0.01374295434404346,0.21816263684192277,167.16262828826905,172.50934834100926,161.81590823552884
2021-10-28,167.81968687259013,171.8460651769901,166.11726356762443,169.38671264648437,329858700,171.81128759765627,158.17307487487793,0.014051561418934932,0.014054120128695311,0.22310224053812924,167.31309074401855,172.7356073729348,161.8905741151023
2021-10-29,167.35282337854164,170.7674351992266,166.6896410131431,170.18280792236328,373307600,171.84295384216307,158.36334243011476,0.004699868504682403,0.013806482979130195,0.21917112265934802,167.42596530914307,172.99416740238692,161.8577632158992
2021-11-01,170.38280208634313,172.14804574830353,168.23952340222877,169.66154937744142,256318200,171.83090261840817,158.54866877365112,-0.0030629330382164754,0.013124043046106563,0.2083377245742274,167.79832370758058,172.87328531916387,162.7233620959973
2021-11-02,170.10262414853156,172.0003939552957,168.0503111757782,169.75277404785157,222395000,171.77286279296877,158.72011352539062,0.0005376861801915656,0.013118408364178455,0.20824827677163504,168.01888465881348,173.02726897766541,163.01050033996154
2021-11-03,169.75429567760906,172.23952752691827,168.41902082059158,171.8956314086914,194085000,171.73662559509276,158.87155282974243,0.012623401136500956,0.013232819733612289,0.2100645009557166,168.29110248565675,173.527378845793,163.0548261255205
2021-11-04,172.30295063080098,174.91875721138794,171.2305986039704,173.4931610107422,277011900,171.72625692749025,159.01920957565306,0.009293602105876486,0.013263218099424302,0.21054706005292476,168.64499160766601,174.28836919929128,163.00161401604075
2021-11-05,174.69147650099745,177.19106131916868,173.62917730659183,174.72675018310548,283465700,171.75779690551758,159.1710724143982,0.00711030432079629,0.013207045317412833,0.2096553447830068,169.0566865539551,175.21670791848112,162.8966651894291
2021-11-08,175.73055053495267,176.66341675363068,173.5218135640868,173.91535186767578,186770400,171.71588342285156,159.31232931137086,-0.004643812779550838,0.013220864777697036,0.20987472191399761,169.50966526031496,175.70130733241112,163.3180231882188
2021-11-09,174.48959147139814,176.02976461368746,172.77108125857131,174.2848358154297,203928600,171.61229325866697,159.44840036392213,0.002124504500528701,0.011811362844234768,0.18749957238356238,170.03644187927247,175.95107428264788,164.12180947589707
2021-11-10,173.0957247184352,173.93101638962403,169.47632868666528,170.46620330810546,221635700,171.4309629364014,159.58921313476563,-0.021910296954166575,0.01255805771107392,0.19935298592099168,170.335993309021,175.64003435890947,165.03195225913254
2021-11-11,171.59542696644004,173.0314613699833,170.1446901439628,170.5689895629883,143865600,171.22961030578617,159.73895623779296,0.0006029714564419475,0.012545009009106487,0.19914584419896356,170.5261811065674,175.55685708717812,165.4955051259567
2021-11-12,171.50354855006054,175.66883293118278,170.49678889637104,175.19210815429688,207350300,171.15132043457032,159.92687371063232,0.02710409789700563,0.013350949899129431,0.21193975919747615,170.92311313629153,176.116645540009,165.72958073257408
2021-11-15,176.0849844637008,179.00208942350417,175.1060098791998,176.61033630371094,195123400,171.089405670166,160.1053673629761,0.008095274178474998,0.011585865098798269,0.18391990664977803,171.2269746398926,177.002904095982,165.45104518380322
2021-11-16,175.71174827483165,177.27144770383865,174.67642833679778,175.89189605712892,161457300,170.96547871398926,160.27036344909666,-0.004067939972361212,0.011226559947806343,0.17821611420392314,171.42301834106445,177.56014758230555,165.28588909982335
2021-11-17,176.4676799596532,178.40580775873644,175.21767430018105,176.1471725463867,200537800,170.87044436645508,160.43540354156494,0.001451326041620904,0.011193484139799252,0.17769105202952745,171.66207077026368,178.15217923573914,165.17196230478822
2021-11-18,176.19258457112656,179.5488543123502,174.8264035842327,178.22291717529296,325121900,170.83154515075685,160.60569713974,0.011784149577306557,0.011327043175237939,0.17981123598822601,171.95271484375002,179.07381672406476,164.83161296343528
2021-11-19,179.27532540496722,182.6220346182142,177.6709133386261,179.61595916748047,302347100,170.85075987243653,160.7791104736328,0.007816289926493303,0.01136432288467672,0.1804030330289686,172.57267631530763,180.1048061050437,165.04054652557156
2021-11-22,180.60252683396064,182.8732636777748,176.66709816930447,176.9059631347656,299666700,170.8225463104248,160.94229454040527,-0.015087724082401555,0.011600528066844033,0.1841526740513651,173.01910591125488,180.4623113479969,165.57590047451288
2021-11-23,176.5882167007345,177.83592167382113,173.89042556649306,176.10615997314454,237490900,170.7890423126221,161.0997460899353,-0.004521063888681898,0.011547840848236176,0.1833162903851166,173.50334129333496,180.37766271044586,166.62901987622405
2021-11-24,175.57379308480375,177.72241274648283,174.1105719171219,177.1197494506836,166302800,170.76792987060549,161.26039106369018,0.005755559474430738,0.01155802498212518,0.18347795849864992,174.00735145568848,180.34329133305835,167.6714115783186
2021-11-26,175.81486720640663,176.75669079217283,172.65259152755658,173.15314483642578,210731500,170.6711342163086,161.40463174438474,-0.022395044180898993,0.01220799251111704,0.19379587315052768,174.19567306518553,180.16673842877123,168.22460770159984
2021-11-29,175.1420862024489,177.2810381525775,174.435070798391,175.99320068359376,228601100,170.68997245788574,161.56174738311768,0.016401988250637434,0.012513004319790098,0.19863778550664923,174.48619270324707,180.19481385060837,168.77757155588577
2021-11-30,175.3471863299783,177.1507140553869,171.08778252235166,172.58990478515625,377617100,170.72382438659668,161.70011491012573,-0.019337655575433654,0.012618870087621413,0.2003183524708686,174.6326104736328,179.95752015009606,169.30770079716956
2021-12-01,175.11817173357915,176.34671003580252,168.28583343847103,168.45696868896485,330146100,170.66814727783202,161.818715965271,-0.02394656918859872,0.013282250238838696,0.21084918589977272,174.5678202056885,180.1671893784396,168.9684510329374
2021-12-02,167.6261563582927,170.3369158810579,165.95844153555944,168.50774154663085,288366400,170.64133953857421,161.9427769126892,0.00030139956845443017,0.013271643578921992,0.2106808103934889,174.39842571258544,180.51890922258585,168.27794220258502
2021-12-03,169.663854981657,170.1975956277737,163.59617757781464,166.47580642700194,315729100,170.5472452697754,162.06983686447143,-0.012058408124036357,0.01337526442310023,0.21232574029951806,174.04755798339846,181.11747559295478,166.97764037384215
2021-12-06,167.5255190329613,171.79371705658022,165.9530090944686,170.15624465942383,259490300,170.4931600189209,162.2260931625366,0.022107946562407665,0.012853754823579356,0.20404703205952732,173.81903270721435,181.08914864898438,166.54891676544432
2021-12-07,172.89657611563993,175.513896412353,172.1442834180078,174.31181945800782,269101400,170.53415028381346,162.39557064437867,0.024422111612192543,0.013554056187585555,0.21516397157128567,173.83885608673094,181.11223920827723,166.56547296518465
2021-12-08,175.08164534159323,177.77806490875824,173.76809118727218,176.83939208984376,228663600,170.73267449951172,162.57956633758545,0.014500294011587922,0.013608314767265869,0.21602529982123983,173.96658390045167,181.36164648024283,166.5715213206605
2021-12-09,176.39452634434397,178.65553661304892,175.13683702195303,175.7436294555664,218897900,170.91254895019532,162.78100153350832,-0.006196371867873474,0.013688228035372514,0.2172938836244275,174.23045520782472,181.47470055273502,166.98620986291442
2021-12-10,176.98852550826297,178.51749983306954,174.0638431560342,176.3783935546875,242566700,171.11256755065915,162.98114715194703,0.0036118754408767106,0.01349699914902704,0.21425821916385573,174.52092540740966,181.61125284649128,167.43059796832804
2021-12-13,176.86316724509228,179.13938613669066,174.22955935633416,175.49080657958984,290604700,171.2638773498535,163.15708058929442,-0.005032288576902522,0.01353278681193199,0.21482633070016,174.53586032867432,181.6333951466618,167.43832551068684
2021-12-14,173.23061703751614,175.79538364722592,171.57847615929094,174.45990676879882,284108400,171.50878785705564,163.33942849731446,-0.005874380720470862,0.01357237794294828,0.21545482042091726,174.4283388519287,181.45838494525083,167.39829275860654
2021-12-15,174.1710962727107,178.74122350022932,170.6413040059806,178.4875373840332,296570600,171.77170750427246,163.55826258468628,0.023086282056610008,0.014156580411720953,0.22472874710701207,174.55812091827391,181.7947322026842,167.32150963386363
2021-12-16,177.9489498617868,179.7725618778304,173.3150939375033,174.20920639038087,298778800,171.92686613464355,163.75656972885133,-0.023969914406108295,0.014753162983019829,0.2341992018280458,174.46122261047364,181.66004487259602,167.26240034835126
2021-12-17,172.7315527004891,175.21173265787942,171.42402339980745,173.3743278503418,415272300,172.06604512023924,163.9380895843506,-0.004792390467402763,0.014689337219277723,0.23318599923944355,174.21879314422605,181.20773181248492,167.2298544759672
2021-12-20,171.03995951626058,172.39851022712637,169.01560197666254,170.97972259521484,243548900,172.15578254699707,164.13060864257812,-0.013811763741596317,0.01484000456876826,0.23557776926413884,173.78698131561276,180.43050527664036,167.14345735458517
2021-12-21,171.84227216871582,175.20094568007693,170.01716946546424,174.60688705444335,215208700,172.35080473327633,164.3178501739502,0.021214003650103175,0.015340484854356193,0.24352264749467636,173.6720275115967,180.16620078242403,167.17785424076936
2021-12-22,174.19656406380437,176.35336288819116,172.75671071093166,175.27504653930663,213614900,172.5813195953369,164.51100080871583,0.003826650232043427,0.015350816769083397,0.2436866615562882,173.63047183990477,180.06946477237003,167.19147890743952
2021-12-23,175.1849697500996,177.34628011980826,174.48524831863386,176.45163345336914,161727300,172.8208487701416,164.69137781906127,0.006712803318518423,0.014802310646029337,0.2349793967911048,173.59706604003907,179.96639332965242,167.22773875042571
2021-12-27,177.40417332505626,180.43834880667535,176.7374247905053,179.3069984436035,187993600,173.07168406677246,164.89657609939576,0.016182139741930834,0.015049793272800508,0.23890806169657802,173.90475872039798,180.75983497069888,167.04968247009708
2021-12-28,179.56742662413149,181.48083963403465,178.2189213931696,179.0202606201172,187447900,173.3070199279785,165.092111164093,-0.0015991446289057576,0.014276594894448501,0.226633917957151,174.05611171722413,181.2315222082841,166.88070122616415
2021-12-29,179.1921609720571,180.28970016367572,177.14966468887994,178.08634338378906,139509900,173.45808467102052,165.27361725997926,-0.005216824247116447,0.014249503327319888,0.22620385266165505,174.33093364715575,181.68861366340758,166.9732536309039
2021-12-30,178.470430967752,179.83525971415628,177.63753601209382,177.96676940917968,139889300,173.57799961853027,165.44847610092165,-0.0006714382042855016,0.014226455271646022,0.22583797612055534,174.8064236831665,181.7851497646804,167.82769760165263
2021-12-31,177.67069928539644,178.2652940439295,175.29531925581347,175.41123275756837,162857800,173.65890179443358,165.6303760795593,-0.014359628261474078,0.01448017095614977,0.22986558775003596,175.15159824371338,181.4702743540223,168.83292213340445
2022-01-03,176.11853834711792,178.53182762941145,175.03043673164186,177.37620544433594,241866800,173.758225189209,165.80787912750242,0.011202091541556491,0.014464165046984511,0.22961150181908338,175.69661819458005,180.5823762427824,170.8108601463777
2022-01-04,177.9143019961608,179.01504776173505,174.11128531845353,175.70856552124025,258365400,173.92806190490722,165.96726750946047,-0.009401711570715898,0.01448254715263542,0.22990330869983952,175.9742342376709,180.1075008465002,171.84096762884164
2022-01-05,174.88888713088926,175.62234262513812,169.7580642402741,169.90817565917968,275509100,173.96667799377443,166.0983063163757,-0.03301142346051078,0.015437690982920093,0.24506574694722508,175.7540520477295,180.65759171286936,170.8505123825896
2022-01-06,168.60831330575684,173.3882818538607,167.74495044762816,170.46935501098633,271290800,174.04763604736326,166.24732785034178,0.0033028390166012223,0.01544624345810283,0.24520151328179052,175.4355501937866,180.84379968332036,170.02730070425287
2022-01-07,170.81793907061856,172.32638640404417,168.6321835956247,169.84051437377929,211626100,174.10365541076663,166.39992584991455,-0.0036888779051608145,0.015400656009076693,0.24447783496361655,175.14039443969727,181.09461800359472,169.18617087579983
2022-01-10,167.12390520456933,169.45273066031012,163.5101826662765,169.1970642089844,308775000,174.09986244201662,166.5440397338867,-0.0037885552052604465,0.014887216291755913,0.23632723213209206,174.7813279724121,181.26389819930208,168.29875774552212
2022-01-11,168.78125949328512,172.44112626892243,167.6325467123275,172.01598510742187,214679100,174.13652598571778,166.69152907180785,0.016660578075726518,0.014897508789017792,0.23649062046084052,174.6075868988037,181.1954976226404,168.019676174967
2022-01-12,172.9709566149629,173.76323396375977,170.9299281056777,172.11631469726564,202922100,174.18562129211426,166.84480628967285,0.0005832573628614668,0.014473959270001611,0.2297669802894135,174.49040729522704,181.17208220613273,167.80873238432136
2022-01-13,172.53309039482355,173.3542876920002,168.0989034504777,168.39834899902343,227677900,174.1585327911377,166.96727661132812,-0.021601471683737383,0.01434588183563932,0.22773381405012255,173.98594787597656,180.9158106739725,167.05608507798064
2022-01-14,166.75962343904865,170.964641344151,166.3956373297593,170.13558654785157,251556300,174.12333189392086,167.0850625228882,0.010316238604205274,0.014467029995778818,0.2296569814712554,173.7822668838501,180.92081990628841,166.64371386141178
2022-01-18,166.75149134149805,167.48375829487395,164.55995193656753,165.1410125732422,264157300,173.9562889251709,167.15707484436035,-0.029356433159882345,0.015302206137132792,0.24291499169699826,173.37060111999511,181.4903684130077,165.25083382698253
2022-01-19,165.62038797690343,167.8674066616736,163.88675021566715,164.13171997070313,241054700,173.7443883209229,167.22660411453245,-0.006111701671269731,0.014743646950254189,0.23404813949105086,173.02820098876956,182.09481199623673,163.96158998130238
2022-01-20,165.48783280802678,167.48907255881628,161.42154795621678,161.75856704711913,336817500,173.50125262451172,167.27136029434206,-0.014458831748108136,0.014118858294028763,0.2241299270529706,172.38578498840332,182.7143325517324,162.05723742507422
2022-01-21,158.75294926285997,160.63395902293396,153.5257486388213,154.09019470214844,960226600,173.0973598022461,167.2731330757141,-0.047406282615850226,0.015967830614717547,0.25348145270247757,171.32654239654542,184.39047945438077,158.26260533871007
2022-01-24,150.7005254297766,155.75291685307852,146.24055922434542,155.2961769104004,756878700,172.79395927429198,167.2742032852173,0.007826469494591093,0.016119622760652867,0.25589107831718366,170.26876956939697,184.91544360603856,155.62209553275537
2022-01-25,152.01564922752277,154.57164940273128,149.61986270508882,151.14825439453125,430148900,172.40554457092284,167.25834004211424,-0.026709752927545183,0.016570978721956828,0.26305613207544426,168.86083236694336,185.16874334770387,152.55292138618285
2022-01-26,155.25267580955816,156.07304901403305,148.234495596375,150.135302734375,408196100,171.9044084625244,167.23446224975586,-0.006701709286778934,0.016573899543223865,0.2631024986756242,167.41658447265624,185.0022679478658,149.8309009974467
2022-01-27,152.53558383844637,154.80227328275288,150.19053145481703,150.6933120727539,496297500,171.38606797790527,167.22792319488525,0.0037167097159431783,0.016649858180543,0.26430830466126687,166.0469329071045,184.38454123964007,147.7093245745689
2022-01-28,152.5306925098718,156.04607328398157,150.33672660100018,155.94663314819337,430227300,170.98716271972654,167.23492562866213,0.034861010108419244,0.017447949113908644,0.27697760546107236,164.94592609405518,182.9105794584235,146.98127272968685
2022-01-31,156.37665412210814,161.8157499608532,155.42813483135677,161.46559371948243,455890100,170.6935311431885,167.2708522224426,0.035390059149558395,0.01848055588156897,0.2933697297171812,164.2486441421509,181.57418165094614,146.92310663335567
2022-02-01,162.22828151916983,164.29207867111776,160.1507833942097,163.95698013305665,457782700,170.40821240234374,167.32271144866942,0.015429828461799522,0.018755645703801394,0.297736645264173,163.57768287658692,179.7645918764386,147.39077387673524
2022-02-02,169.02094271983398,169.4155943150394,163.76680321165253,166.37215347290038,497362600,170.14333628845213,167.39080787277223,0.014730530764129224,0.018843217893415195,0.29912681067707403,163.11086227416993,178.33458636232658,147.8871381860133
2022-02-03,148.19476025775225,150.6470537361085,144.3442278971262,145.10779495239257,673640000,169.50737292480468,167.35610535430908,-0.12781200505390744,0.029491479207104973,0.4681627186645926,161.87084323883056,178.7170356954871,145.024650782174
2022-02-04,147.81611346638292,151.31429211652602,144.86424802867572,148.80875549316406,561159600,168.96142483520507,167.35026779174805,0.025504905108548526,0.029994379120719217,0.47614600729926754,160.78781326293944,178.08549856210692,143.49012796377195
2022-02-07,149.387228682992,150.597101745153,144.65527532136326,145.3401870727539,405792000,168.32583358764649,167.31658990478513,-0.023308900131010724,0.030091384562337915,0.4776859209453259,159.56279689788818,177.61483605947572,141.51075773630063
2022-02-08,144.1996023521279,147.2522311155711,142.5241296567578,145.7866523742676,368067900,167.77850373840332,167.27848731613162,0.00307186409007576,0.02985263353025716,0.4738958658084519,158.39227630615235,176.8454731034274,139.9390795088773
2022-02-09,147.52602091635995,150.04804204335704,146.03110987493525,148.9887237548828,344160300,167.2384141998291,167.25718297195436,0.02196409155753698,0.03029062314046998,0.4808487353211713,157.2409132385254,174.97450231924353,139.50732415780726
2022-02-10,146.6733721483609,149.21285665959664,145.27491662181552,146.2380615234375,332303300,166.71137733459472,167.21389488601687,-0.0184622175566167,0.030380717927037264,0.4822789457192541,155.94700057983397,172.8683781580523,139.02562300161563
2022-02-11,146.15985223570527,147.10378457746089,140.93717541930886,141.5690010070801,337474600,166.17361798095703,167.12260274505618,-0.03192780639812498,0.030722996033906245,0.487712442219238,154.60553318023682,171.62429644479397,137.58676991567967
2022-02-14,140.68685902546378,143.83180984846396,139.59680989720354,141.9757057189941,313923500,165.6429772644043,167.04138808822634,0.0028728373374173888,0.03074402492088997,0.48804626545108254,153.19753913879396,169.44861508177462,136.9464631958133
2022-02-15,143.97040980116202,144.7867091304855,141.76213412793726,144.095223236084,242255900,165.19536560058594,166.9771958503723,0.014928733802422212,0.03082562032612011,0.4893415523532695,152.14524967193603,167.85660871307945,136.4338906307926
2022-02-16,141.954578970818,144.1409379443248,140.817124837951,143.51890869140624,237497900,164.66261888122557,166.9249813041687,-0.003999539552629883,0.03082337783254087,0.4893059538713055,151.11460910797118,166.2074181515001,136.02180006444226
2022-02-17,142.3584984318383,143.93048979727922,138.85295687769653,139.10399932861327,258010800,163.9584624786377,166.85614075088498,-0.030761865478547423,0.030758671293072613,0.48827876940150994,149.9818807220459,165.11160495268467,134.85215649140713
2022-02-18,140.0911122497939,140.82763250846298,136.90821050237997,137.74688796997071,297142100,163.17661239624024,166.77071067810058,-0.009756091594725236,0.03071243910802863,0.4875448562163489,149.164715385437,165.10392396243014,133.22550680844387
2022-02-22,135.95300020304268,138.34002169907671,133.91069940352554,135.47994232177734,309108200,162.37133865356446,166.67379184341434,-0.01645732750555917,0.03075914537976571,0.48828629529444884,148.17390365600585,164.94995986087523,131.39784745113647
2022-02-23,136.8915594264222,137.72944622422764,132.01105386569913,132.2160743713379,277663600,161.48809226989746,166.58656330871585,-0.024091152494643553,0.030908455901756667,0.49065652635032875,147.2272946548462,165.37699654967966,129.07759276001272
2022-02-24,127.51976632625728,137.6430870040893,127.16500942723398,137.31957550048827,417033700,160.72466764831543,166.52377725601195,0.038599702444778616,0.0317527754672288,0.504059683934161,146.58650829315187,165.20285492588667,127.97016166041706
2022-02-25,136.94836995256165,139.58490239185855,135.1741443301171,139.1547119140625,276819800,160.0185637512207,166.4852334022522,0.013363982570479882,0.03194279416718956,0.5070761372814488,146.0095782852173,164.80436207847757,127.21479449195702
2022-02-28,137.62853828483685,140.32239882518218,136.82728113329566,139.46415176391602,276194400,159.23809603881836,166.44133937835693,0.0022237109013214518,0.031851588150560675,0.5056282866530117,145.1854542160034,163.58695560832385,126.78395282368292
2022-03-01,138.8923265482061,140.25052112545106,135.80506700051626,136.74786224365235,214843300,158.48886915588378,166.36468369674682,-0.019476614498482703,0.03179777348144213,0.5047740052647623,143.9495676422119,161.01923392118437,126.87990136323943
2022-03-02,137.34362893266945,139.35189335529816,135.51262451926317,138.47928619384766,233598900,157.7909683227539,166.29585625457764,0.012661433398573507,0.03169261572309727,0.5031046776027052,142.67568294525148,157.04814153272548,128.30322435777748
2022-03-03,139.73335389790364,139.9983002223741,135.30322726824664,136.19335174560547,254511900,157.0952409057617,166.22591144561767,-0.016507410682650825,0.031758073393888434,0.5041437859125949,141.16674285888672,150.52685797750564,131.8066277402678
2022-03-04,135.3922700719886,136.7545950888925,132.81544201761918,134.045174407959,260487100,156.28400665283203,166.14122080993653,-0.0157729970671332,0.03177148967535904,0.5043567627783377,140.61361183166505,150.29508196081352,130.9321417025166
2022-03-07,134.078138478957,134.6335931011874,127.71833550316076,127.83187866210938,324109400,155.33514329528808,166.01399285888675,-0.046352252315624565,0.031724364824548976,0.5036086789634511,139.56476799011233,150.02202392934512,129.10751205087954
2022-03-08,127.62471462822036,132.14706116010416,125.77046208774256,127.7128303527832,365033400,154.36036723327638,165.8936009788513,-0.0009312881150784769,0.03163578896763571,0.5022025808261094,138.68340015411377,150.0250721127366,127.34172819549094
2022-03-09,131.4197247476706,133.23428955060797,129.70891360343975,132.6617408752441,308233600,153.42746208190917,165.7820964050293,0.03875030025401882,0.032405547158332146,0.5144221132795361,138.0271545791626,149.15512083450926,126.89918832381596
2022-03-10,132.2014225650942,133.73557493824532,130.15967940093623,132.41451034545898,340437000,152.495347076416,165.66578281402587,-0.0018636159012689335,0.03240268986662117,0.5143767551797938,137.19844390869142,147.31160162939963,127.08528618798319
2022-03-11,132.83519214264587,133.21023448218585,128.75695215179854,129.0730079650879,280289600,151.515080368042,165.53166789627073,-0.025235167744481868,0.032606312445091046,0.5176091634034878,136.3401912307739,146.13156095505408,126.54882150649372
2022-03-14,128.4510013188239,130.39259076355495,125.76420841276794,126.37790908813476,311718600,150.4833031616211,165.38304048156738,-0.020880422014199262,0.031859030761220736,0.5057464344344813,135.58063663482665,146.00080963315457,125.16046363649872
2022-03-15,127.74303267703988,130.7521894064029,126.19906275952818,130.32280578613282,285796000,149.58153462219238,165.25951770019532,0.031215081231063424,0.03167847951355153,0.5028802722330704,134.99799163818358,145.2137008831763,124.78228239319085
2022-03-16,131.85494616170735,135.9017511700369,130.5846322080004,135.73294525146486,333299500,148.74866941833497,165.1623598365784,0.041513374675268944,0.032647356807196326,0.518260722452599,134.57987773895263,143.87047907306655,125.28927640483872
2022-03-17,135.08354340479104,138.23536088567818,134.38748404630144,137.98346252441405,264496100,147.9941673583984,165.0754165420532,0.016580479181231844,0.03268907541585201,0.5189229848338784,134.303105430603,142.76532617023045,125.84088469097556
2022-03-18,137.58079114721392,142.06897567051186,136.83341160938326,141.79358596801757,406415700,147.4318755645752,165.0165543785095,0.027612899211957087,0.023762544168482655,0.37721869432795935,134.43758476257327,143.2971989506356,125.57797057451094
2022-03-21,141.23746776939055,142.47882871520292,138.8732027645812,141.00018615722655,267988700,146.8424921875,164.9433981513977,-0.005595456278043254,0.02326216951544582,0.3692754929621852,134.60024967193604,143.82752821020276,125.37297113366932
2022-03-22,140.99562169625565,145.52617564436957,140.533618035162,144.28756866455078,255540800,146.33143327331544,164.8804842681885,0.02331473877388035,0.023314630022971496,0.3701082777015762,135.0406309890747,145.2347392443871,124.84652273376233
2022-03-23,142.936813059254,145.29613269706024,142.15746021341633,143.14722213745117,240036000,145.81043643188477,164.81103621292112,-0.007903290197860069,0.02335117083825041,0.37068834516116556,135.58718837738036,146.3024844310626,124.87189232369812
2022-03-24,143.97542393526226,146.25417963647897,142.5232908933044,145.83846740722657,243712700,145.28688607788084,164.75739753341676,0.01880054135588649,0.023253888002386185,0.3691440280179744,136.0131329727173,147.65554577969425,124.37072016574037
2022-03-25,146.15295198523094,147.72401106942664,144.61659661856652,146.61893692016602,229488200,144.77693852233887,164.70154784774783,0.005351602542284839,0.023023173870935276,0.3654815547233702,136.38634422302246,148.89882441158207,123.87386403446285
2022-03-28,146.09641831488736,148.30297924178302,145.149327156938,148.03523635864258,254734000,144.36967626953125,164.6529957962036,0.009659730647533893,0.022252245898048015,0.35324345255335315,136.8148984527588,150.3190566926666,123.31074021285097
2022-03-29,149.3721920657331,151.3395919803898,148.4442514278948,150.47369537353515,291286300,143.9764384460449,164.60423933410647,0.016472152677116325,0.02241428369735742,0.35581572287314245,137.50119010925295,152.3219379497098,122.6804422687961
2022-03-30,149.9897894911749,150.84368837476504,148.20140795818492,148.92060775756835,234506200,143.65203034973146,164.55040759277344,-0.010321323020023088,0.022393203762586404,0.35548108928279704,138.02325618743896,153.69995400560896,122.34655836926896
2022-03-31,149.14705906136723,149.22124635492256,145.75002283264902,145.84783020019532,266078600,143.2863525543213,164.48531538772582,-0.02063366248394094,0.022733338062661347,0.36088055390496493,138.50598011016845,154.53601454749474,122.47594567284214
2022-04-01,146.52849988581883,147.8448536041089,144.98493549713007,146.58707275390626,227770100,142.98292266845704,164.41168939590455,0.005068587943312108,0.021946340765769304,0.3483873591246265,139.13307502746582,155.40775558471026,122.8583944702214
2022-04-04,147.01758756821454,151.4101694912883,146.76657702582753,151.06255340576172,250365200,142.9223698425293,164.37001218414306,0.03053120966109346,0.02243067504353884,0.3560759274270401,140.29460876464844,156.48896796471854,124.10024956457833
2022-04-05,150.73102391755197,151.5501055213026,147.8948469846132,148.43838195800782,220620000,142.78521394348144,164.31115554428098,-0.017371422557020066,0.022459074412632698,0.35652675343512097,141.3308863449097,156.77016981193347,125.8916028778859
2022-04-06,145.9679688409902,146.90569498870562,142.69409448006255,144.01799774169922,273126900,142.6426088104248,164.21761570739744,-0.02977925357310285,0.022720712002495074,0.36068012141353395,141.89869918823243,156.82224298470925,126.9751553917556
2022-04-07,143.7669467323404,145.14759460235186,141.08985304509858,143.5603340148926,242490900,142.51110943603516,164.12040563964845,-0.0031778231469893337,0.021728704120609243,0.34493248448901886,142.4559903717041,156.70551468800275,128.20646605540546
2022-04-08,143.1058693064566,143.80228904923538,140.9713952870166,141.73101577758788,206347200,142.33186351013185,164.01360149765017,-0.012742504744485572,0.021768637055469355,0.34556640017758367,143.0888907623291,155.88603347278536,130.29174805187284
2022-04-11,139.92936582362103,140.8593980399875,137.51078414666796,138.00954055786133,219530300,141.9731216583252,163.89174660491943,-0.02625731001297915,0.022320290250196884,0.35432362315680366,143.67047233581542,154.10997968276132,133.23096498886952
2022-04-12,140.42475994514277,141.49253426671686,136.85807704587015,137.55893783569337,225525000,141.49498854064942,163.74913284683228,-0.0032650113923032853,0.022029572903197,0.3497086283449587,144.03227893829347,152.90854310143254,135.1560147751544
2022-04-13,136.9456907184046,140.43386884930015,136.5371342274437,139.7723846435547,203478700,141.01129663085936,163.6197927131653,0.01609089778306627,0.02210399754597651,0.3508900829222151,144.23425090789794,152.4765706800134,135.9919311357825
2022-04-14,139.8918040574385,140.1611630839474,136.05780000248728,136.24021606445314,220342900,140.40865788269042,163.47742778396608,-0.025270861537557865,0.022393149408555548,0.35548022643930666,144.1470885848999,152.69879521143056,135.59538195836925
2022-04-18,135.93087841159527,137.91531127265665,134.9413862293323,136.65189437866212,203976700,140.2395398712158,163.32967751693727,0.003021709199391154,0.02219131320492883,0.35227617603711253,143.8900040054321,153.0286163793821,134.7513916314821
2022-04-19,136.3516569249563,140.6827698925156,135.6005217698809,140.14644927978514,378298700,140.06629374694822,163.1897421722412,0.025572678059183174,0.02075104255712515,0.32941258830882586,143.84731716156006,153.05051263672024,134.64412168639987
2022-04-20,137.68361447492856,137.9864915142034,132.12756803248732,133.1052375793457,1536167300,139.82159475708008,163.00456857681274,-0.05024181302219466,0.022934034142332364,0.3640665054004556,143.2882006072998,153.6629225081645,132.91347870643511
2022-04-21,133.92674006359834,135.43713102705152,127.63601391844152,128.56140937805176,772613900,139.47708989715574,162.79570535850524,-0.034137110484366184,0.022726241980722355,0.3607679070964039,142.55890996932985,154.84914372377366,130.26867621488603
2022-04-22,129.09162439510283,130.30741509495925,124.39823348272468,125.00202598571778,626422200,138.99735594177247,162.57532957458497,-0.027686250559583958,0.023251040445112586,0.3690988244476347,141.51708789825437,155.97768831477347,127.05648748173527
2022-04-25,124.392094955517,126.99877411893718,123.01362673869934,126.69959754943848,514849500,138.60658666229247,162.3565072040558,0.013580352400965445,0.02297201971774059,0.36466950771608275,140.52112092971802,156.1951539893004,124.84708787013567
2022-04-26,126.0736177556238,126.26305275035531,121.44536670910313,121.87050247192384,481135600,138.21261669158935,162.10988264656066,-0.03811452578316443,0.02370655664262123,0.3763299199082526,139.2128842353821,156.52799298247334,121.89777548829086
2022-04-27,119.64885703207965,122.7752258026712,117.11975686469302,119.33200607299804,545266100,137.75974269866944,161.85187518882753,-0.020829457066615542,0.02317079332457815,0.36782494090145584,137.65579977035523,156.26007157907787,119.05152796163259
2022-04-28,126.67986987369557,130.4131830664769,123.68182159044518,129.15568313598632,610939400,137.4609518966675,161.64215532875062,0.08232223178230091,0.026772240957951193,0.424996149687819,136.66755353927613,154.84729001368615,118.4878170648661
2022-04-29,125.23147013697988,128.21096737435067,121.03338562823332,121.82149124145508,660198000,137.02700354766847,161.40380132102965,-0.056785669174225784,0.02838386101489489,0.4505798249593997,135.4662365913391,154.25678978796313,116.6756833947151
2022-05-02,121.28762277187654,124.99182738879928,119.58039163125495,124.7096450805664,503208600,136.73911646270753,161.18936943626403,0.02370808146968817,0.02824365317717235,0.448354094536544,134.37236520767212,152.98336024151882,115.7613701738254
2022-05-03,124.46917579332724,126.7815991262786,123.2491407939972,125.29293518066406,353018800,136.4900374069214,160.9892356739044,0.004677185150521623,0.028284471740853964,0.44900206914680246,133.08388429641724,150.34914240302032,115.81862618981415
2022-05-04,124.82168856947928,130.6261024351133,122.61480284769182,130.22053184509278,432482400,136.3848491973877,160.80279808425902,0.039328607453592346,0.028952086885286752,0.4596001310088202,132.17299179077148,147.87929015028058,116.46669343126237
2022-05-05,127.80650755223424,128.40520742662048,120.669064947012,122.0555206298828,501599500,136.1816381225586,160.5715538291931,-0.06270141197797341,0.03093228797216418,0.49103484873948505,131.07486793518066,146.35959457681236,115.79014129354897
2022-05-06,121.16096517959612,123.55921902325365,118.74637334028824,120.68276824951172,486696800,135.84890197753907,160.32384951019287,-0.011246950349208418,0.03062543794619174,0.48616375558838437,129.93098964691163,144.6968702847482,115.16510900907507
2022-05-09,118.19107804924585,119.91846413458512,115.64744099617326,116.16744270324708,477120100,135.38915659332278,160.02758624458315,-0.037414832388740105,0.031078556266918866,0.49335678593517146,128.65281099319458,143.54306313252494,113.76255885386422
2022-05-10,118.64303426926892,120.1082839899184,115.64067246482468,117.41110420227052,433992200,134.94809564208984,159.73120046997073,0.010705766349702772,0.031098779307236743,0.4936778167477799,127.62288917541505,142.63713466416414,112.60864368666599
2022-05-11,116.53973434814664,118.90829644105116,112.49079252422216,112.99667930603027,447736200,134.4730719833374,159.42505495262148,-0.03759801874135582,0.031244237023188765,0.495986886403887,126.39477624893189,141.99380908698743,110.79574341087634
2022-05-12,110.91976492413416,116.22533226184709,109.2888148815877,113.04033050537107,583347200,133.96429286956788,159.1110629787445,0.0003863051516990179,0.03129012957280458,0.49671540804377184,125.0581735420227,140.4099596536296,109.70638743041579
2022-05-13,114.5227840822549,118.35580820827658,113.51467721124276,117.52041931152344,398625700,133.59083422088622,158.8359852695465,0.03963265841601116,0.03241045379781745,0.5145000037666432,124.12218370437623,138.87435017664262,109.37001723210984
2022-05-16,116.80906981270076,119.31410728417106,115.4064245204875,116.7045970916748,375762400,133.24402267456054,158.5729405403137,-0.0069419614448963385,0.03233458910706808,0.5132956891365612,123.12481884002686,136.98014411185528,109.26949356819844
2022-05-17,118.7876967515908,120.18901560579928,116.7456933242338,119.33488159179689,301478000,133.0740827331543,158.32760777664183,0.022537968217789528,0.032045735581744596,0.5087102815765798,122.08424045562742,133.46131191656926,110.7071689946856
2022-05-18,117.19324706565683,117.87280091763115,112.24414777601264,112.80446891784668,373864900,132.77591550445555,158.04646109962465,-0.054723418558276005,0.03315559074607974,0.5263286861133689,121.06920202255249,131.91622497731146,110.22217906779353
2022-05-19,112.1723751808252,114.55973001045982,110.86497414537988,111.80336303710938,387313500,132.35874794769288,157.7535237827301,-0.008874700535724256,0.03291344160572936,0.5224846876800378,120.23129970550535,131.22944360008748,109.23315581092322
2022-05-20,113.68139102366736,114.77756858843505,108.75236426388103,112.11549797058106,421647700,131.9527677001953,157.45509550476075,0.0027918206124808442,0.03296087120952133,0.523237609298533,119.58697330474854,130.9133220144361,108.26062459506099
2022-05-23,112.78616153470205,114.82326798476686,110.74112616097912,114.25586776733398,383787500,131.65642489624025,157.17001163101196,0.01909075761599488,0.033302986392056415,0.5286685194548969,118.96478681564331,130.0096548666457,107.91991876464093
2022-05-24,108.75144545019604,110.04974963175384,105.77038210107726,108.82893295288086,411317000,131.30544537353515,156.85877190399168,-0.047498084085311976,0.03395426594429405,0.5390072618301106,118.31270833969116,130.1469716817206,106.47844499766171
2022-05-25,107.99137100184429,111.02574355496596,107.53282169717828,110.0175437927246,339111900,130.89934013366698,156.55600610733032,0.010921827565454123,0.03411125472660601,0.5414993814898564,117.84698522567749,130.23262481899587,105.4613456323591
2022-05-26,109.4030341600418,114.38062034259752,108.97038558065812,113.52701416015626,325107000,130.45522151184082,156.27398851776124,0.031899188497096276,0.03459661375356067,0.5492042171812703,117.065551776886,128.37211308136304,105.75899047240895
2022-05-27,114.65413281013892,117.21124362176616,114.01057339521812,117.1541919708252,330975200,130.03863610076903,156.00317902565,0.03194990934538233,0.035090156508876494,0.55703896553293,116.8321868133545,127.91590434756012,105.74846927914888
2022-05-31,117.32666789178876,119.98536678911272,115.9583432153037,118.04626846313477,438480500,129.56368975067141,155.73552820777894,0.007614550340048654,0.035133745552483754,0.5577309201485617,116.49901798248291,126.96934084885807,106.02869511610776
2022-06-01,119.4735119870112,121.54269744991734,115.97298920640948,117.26034698486328,359206100,129.08889296722413,155.45760212135315,-0.0066577409731246595,0.03467960078966579,0.5505215955387293,116.09738857269288,125.73013871729303,106.46463842809273
2022-06-02,117.0539184723257,122.0288505211962,116.17875257360096,121.52276573181152,339082700,128.63359690856933,155.21431314086914,0.036350043783329955,0.034416375334961044,0.5463430209873853,115.6625002670288,123.159038310999,108.16596222305861
2022-06-03,119.43765912464464,119.9195872954127,116.5549387070806,117.41513633728027,303693300,128.11895519256592,154.96013541603088,-0.033801315908134955,0.03440576980982087,0.5461746634951206,115.43048105239868,122.35967570565683,108.50128639914053
2022-06-06,119.44509953669083,121.63433891200756,117.39116479780688,119.15424118041992,324703600,127.58527066802979,154.7129091434479,0.014811589863030772,0.03420500899574584,0.5429876843728241,115.35405469894411,122.06975989008585,108.63834950780237
2022-06-07,117.47710369261362,120.24982087670092,116.94267458819866,119.67160186767578,251778600,127.04632396697998,154.45994659996032,0.004341941018049855,0.03411039874170677,0.54148579315084,115.52926265716553,122.51185701674055,108.54666829759051
2022-06-08,119.28393001140758,121.76965982580876,118.60282722729453,119.45002365112305,239693000,126.4746197128296,154.1939228916168,-0.001851552190282657,0.033397255302930515,0.5301649920221236,115.63120862960815,122.78687835072567,108.47553890849063
2022-06-09,118.35684594082682,120.2248492876823,114.11805815599988,114.22938995361328,255292400,125.74973360443117,153.89653238487242,-0.043705589483662544,0.03413912351059671,0.5419417847205434,115.6928441619873,122.7738122130484,108.61187611092619
2022-06-10,112.35470400741312,112.9062497063242,108.81345988141666,109.25553169250487,378262700,124.95643208312987,153.57275207138062,-0.04354271928728859,0.031164506259903333,0.49472119977491935,115.50360422134399,123.06879380180125,107.93841464088673
2022-06-13,105.3583098745191,107.11659065760924,103.01818702758396,103.58072776794434,402710100,124.11109003448486,153.22490695381165,-0.051940655421750526,0.03089877389832487,0.4905028293106883,114.80661964416504,123.98581962527555,105.62741966305452
2022-06-14,104.30966932896312,105.06066118825797,102.2542864885642,103.39710731506348,331016400,123.24729072570801,152.86183736038208,-0.00177272796627026,0.03043122966313256,0.4830807946712438,114.14124515533447,124.58351071291835,103.6989795977506
2022-06-15,105.09109591462033,108.57324039670615,103.78190141920068,106.96094017028808,370210400,122.36525846099853,152.49932034111023,0.03446743286894072,0.03125882996356384,0.49621854215066485,113.52254808425906,124.13407628722113,102.91101988129698
2022-06-16,103.92326918313184,104.60362475667924,101.5600712763006,102.55270538330078,350951300,121.4475449295044,152.1144202709198,-0.04121350074119712,0.030795036320177122,0.48885604631034185,113.00995990753174,124.70285833464158,101.3170614804219
2022-06-17,102.54872959412782,105.4589404947102,101.88573305554615,104.1902126312256,438376600,120.65098922729493,151.73218822860719,0.01596747001265819,0.029239554702128898,0.4641635411286141,112.62930238723757,124.96557720482915,100.293027569646
2022-06-21,105.78006250523948,108.2673390228952,102.63809562488822,104.98102798461916,371818600,119.87940310668947,151.3615603599548,0.007590111714164571,0.029299505637946446,0.46511523273084704,112.27257888793945,125.07520638176669,99.4699513941122
2022-06-22,104.5840900028472,107.37746221758744,103.7018085990616,104.84383850097656,331415100,119.14165956115721,150.9872491798401,-0.0013068026316402914,0.028622516522419705,0.45436836369095907,111.80197742462158,124.98396649467523,98.61998835456794
2022-06-23,105.68260480060644,107.3871705861599,104.12178540241086,106.89422645568848,301022300,118.51935327911377,150.6112790927887,0.01955658991532272,0.02881376801260064,0.45740438697629465,111.70524209976197,125.00694631930442,98.40353788021953
2022-06-24,107.97686290505548,112.0854653519473,107.63459586614536,111.94125823974608,393124400,118.00699968719483,150.26649093437194,0.047215195351544725,0.02942762891503378,0.4671491267008373,111.80142782211303,125.07954742673039,98.52330821749567
2022-06-27,112.5782234697815,113.05708767399284,109.90513423743472,110.70206565856934,281574700,117.42559330749513,149.91916187286378,-0.011070025481782042,0.02949816624361635,0.46826887207829526,111.6601803970337,124.92110136504105,98.39925942902634
2022-06-28,110.92641500523646,112.08502332952024,105.87174284647436,106.01731414794922,277416800,116.82113526916504,149.55597232818604,-0.042318555509785805,0.029469895444520024,0.4678200870556516,111.10333650588989,124.32814089062389,97.87853212115589
2022-06-29,106.49851529434324,108.73716675652786,105.3823042147052,107.23236274719238,243596900,116.23274463653564,149.20055093574524,0.011460850607359685,0.0295764318582416,0.4695113001933314,110.56264122009277,123.47274740543385,97.6525350347517
2022-06-30,105.96499320815028,107.03207724524968,102.66095133187372,105.05343170166016,354011500,115.53088428497314,148.83691129493715,-0.020319714960204682,0.02936512733115561,0.46615694481590164,109.95229545593263,122.68210453478959,97.22248637707567
2022-07-01,104.57834317328776,106.25255741103533,103.08134696491187,105.97159538269042,262988700,114.98821144104004,148.475892414093,0.008739968472783799,0.027816650722754507,0.44157564071492117,109.17473693847657,120.77878733688185,97.57068654007129
2022-07-05,104.58022947432808,110.06755148157272,103.59458154053216,109.90648536682129,291241100,114.61511296081544,148.13546020317077,0.03713155369531784,0.028662962226710217,0.45501041934188036,108.79930438995362,119.74816843458586,97.85044034532137
2022-07-06,109.80345649793912,111.94523993183589,108.51840687240217,110.87483863830566,259075100,114.33256921386717,147.81457795333864,0.008810701827580258,0.028705441653617905,0.4556847593384861,108.38533426284789,118.25900381512642,98.51166471056936
2022-07-07,110.89276671092588,113.74013553780745,110.42374283651516,113.3646297454834,252490400,114.06586985778807,147.526914560318,0.022455871302774932,0.02878894312922132,0.4570103041698075,108.06998565673828,116.75753351159074,99.38243780188583
2022-07-08,111.99858942990704,113.8828089774326,111.26868676202056,113.14951210021972,226111700,113.891450050354,147.2364580001831,-0.001897572865069419,0.027354936749285064,0.4342461586110595,107.75496007919313,115.05038861991075,100.4595315384755
2022-07-11,111.5208247937676,111.8432466094406,108.8011006293642,109.4603328704834,230098800,113.69401658630369,146.93451902198794,-0.03260446431681219,0.027993752785245123,0.4443870487990819,107.51650722503662,114.20763925813665,100.82537519193659
2022-07-12,110.20351718895247,111.36373971626878,108.18711644674632,108.8396484375,246921800,113.28769589233397,146.6228146648407,-0.005670405129480138,0.0273605122974121,0.4343346676936615,107.49571306228638,114.16664412768016,100.82478199689261
2022-07-13,106.6847964284201,109.93534228295502,106.0864515491127,108.56057319641111,320160500,113.02247753143311,146.30131499481203,-0.0025640953925825105,0.02664167780363827,0.42292352386761817,107.74470533370973,114.1674961732801,101.32191449413936
2022-07-14,107.55622372660429,109.18366911471738,105.64226987805372,107.88172225952148,280468000,112.68591907501221,145.97941207504272,-0.00625319963686477,0.0265859302963813,0.42203855962513587,107.96893608093262,114.05705612346486,101.88081603840038
2022-07-15,109.34513500588363,111.55292842237404,108.47256241324332,110.68206100463868,393881500,112.3937015914917,145.69825647354125,0.0259574901703985,0.02707881575667334,0.42986287374176996,108.15499212265016,114.34007402111499,101.96991022418533
2022-07-18,111.7285110377835,113.66717091835736,109.44724941213128,110.10987014770508,370503200,111.99148835754394,145.41505628967286,-0.005169680178882974,0.02611810950045155,0.41461213472008934,108.53285036087036,114.17652917880531,102.8891715429354
2022-07-19,111.68899733607316,115.0068240936705,110.6388079153752,114.624711227417,488224000,111.84287216949463,145.15629252815245,0.04100305516349767,0.02663678880174553,0.42284591336861305,109.05457529067994,114.93229600302843,103.17685457833144
2022-07-20,115.07297368584643,118.38250662423096,114.41145086552854,117.69848823547365,735679400,111.78318656921387,144.90515838623048,0.02681600655864025,0.02696223775287456,0.42801225530341847,109.69044830322267,116.40473561892574,102.97616098751959
2022-07-21,117.61565561914216,119.04704767109168,115.69347904808578,118.77483367919922,419499500,111.83533438873292,144.687960647583,0.00914493856176124,0.027003482756825542,0.4286669994430875,110.38699806213381,117.83464915069982,102.93934697356781
2022-07-22,116.16613472081846,117.34455325575033,113.15278629381548,113.98772315979004,387679300,111.7668667678833,144.431191488266,-0.04030408101718552,0.027993931788425987,0.4443898903864847,110.74167289733887,118.1645470741177,103.31879872056004
2022-07-25,114.09300380489692,115.16144626922312,111.8728332074468,112.87350959777832,274054400,111.76440337371825,144.16330266189576,-0.00977485584521931,0.02687972705527904,0.4267024385853772,110.78828546524048,118.25445912140849,103.32211180907247
2022-07-26,111.31040259356024,112.1303501638026,108.58792521059672,109.27197303771972,293758200,111.68903622436522,143.8775856342316,-0.03190772195258729,0.026308373123999525,0.4176324761087891,110.71678083419799,118.21376014634139,103.2198015220546
2022-07-27,111.53682359375011,116.1728501772925,111.02598863314684,115.43651504516602,348991800,111.64735813903809,143.62230395317079,0.05641466733028011,0.02632116788251218,0.4178355866034468,111.18774087905884,118.62487609352584,103.75060566459183
2022-07-28,113.72619665674004,114.65891807775417,111.01564717919834,114.26823768615722,359382100,111.59863095092773,143.36936625289917,-0.010120518265400613,0.026427693497005984,0.4195266283087004,111.53953462600707,118.85349278178754,104.2255764702266
2022-07-29,116.67358145666708,119.04547815662254,115.31374177434544,117.8857837677002,420617600,111.5696489944458,143.14004865455627,0.03165836941914457,0.026319584977877578,0.41781045877137307,112.18115222930908,119.3493320260479,105.01297243257025
2022-08-01,116.98936488456434,120.228832126006,116.04349648732024,117.6792537689209,266557300,111.66714469146727,142.9060690498352,-0.00175194999921513,0.024954363979713845,0.3961382472966654,112.76653514862062,119.70817713026534,105.8248931669759
2022-08-02,116.70873633705926,119.05816847955552,116.33816113433924,117.14860725402832,233052900,111.77404957580566,142.65798591804506,-0.004509261385482466,0.024921120847597983,0.3956105289343888,113.12864124298096,120.19651702551744,106.06076546044449
2022-08-03,118.39876987627704,122.38088305082589,118.03429984915502,121.81579666137696,278563200,111.96805554962158,142.43079756355286,0.039839905200308445,0.02575344673870643,0.40882329284018787,113.67568914413452,121.64520261177611,105.70617567649293
2022-08-04,121.80537121552902,123.74057020320645,120.82321403691222,122.79914894104004,243027200,112.1389211730957,142.1921277770996,0.008072452888820303,0.025727535255199774,0.40841196079143166,114.14741510391237,123.09613087676357,105.19869933106116
2022-08-05,120.65050768787772,123.0744762952322,120.17940156379856,121.50933799743652,207773100,112.39252927398682,141.93981935691832,-0.010503419239679013,0.025750642981498966,0.4087787845743425,114.56540639877319,124.0808836001196,105.04992919742678
2022-08-08,122.3322165678215,125.57273377153892,120.66142976046449,121.85975227355956,268764300,112.62937344360351,141.69228749847412,0.002883846475490115,0.02446045330712213,0.38829765843931546,115.18537736892699,124.9137285700566,105.45702616779738
2022-08-09,121.09437101996494,121.78963191237014,119.68707838858276,121.00907821655274,203123800,112.77901472473145,141.43528271102906,-0.006980763058644479,0.024389933635177663,0.387178193352298,115.79384885787965,125.3721834678054,106.2155142479539
2022-08-10,124.60929776524776,126.73938341701955,123.59305508071836,125.66352767944336,278684800,112.94920143890381,141.22751670074462,0.03846363869131553,0.023632159051801924,0.37514889476755126,116.64899658203123,126.55647463669345,106.74151852736901
2022-08-11,126.65420565858622,127.81461558617085,124.2034346198782,124.73943557739258,238190300,113.08306478118895,141.01132702255248,-0.0073537017392035775,0.023730335479900756,0.37670739724769997,117.4918822479248,127.12332260414522,107.8604418917044
2022-08-12,126.26357031659408,127.530653717617,125.23928925809966,127.32054290771484,217038200,113.284268699646,140.81582247543335,0.02069199141694722,0.02338086524082642,0.3711597291884461,118.3238063430786,128.34503651066862,108.30257617548858
2022-08-15,126.61891291265972,127.97843198265878,126.05798607968322,127.61305618286131,193753800,113.40607450866699,140.61869002532958,0.002297455449577379,0.023390977871532253,0.3713202622241357,119.19896564483642,129.25692761833136,109.1410036713415
2022-08-16,127.24144460017992,128.4858276841225,125.92734878239268,127.47668914794922,207045900,113.60730556488038,140.4091399078369,-0.0010685978299641574,0.022693994536849785,0.3602559947949779,119.84156454086303,130.3031290976131,109.37999998411297
2022-08-17,126.0676120772055,127.43503274886056,124.91428736296714,125.80689125061036,226928900,113.7403585662842,140.18726032447816,-0.01309884896211011,0.02292523468073283,0.3639268182780739,120.24698469161986,130.9836961195541,109.5102732636856
2022-08-18,125.38533763218854,126.54801338458208,124.38819585673154,125.93400154113768,189385000,113.86560655975342,139.96862258529663,0.0010103603170203979,0.02267815866137645,0.3600046080652053,120.6049430847168,131.60903673621078,109.60084943322282
2022-08-19,124.16045076235328,124.91234174985424,122.12595826248632,122.6101779937744,241236400,113.92880964660644,139.73290960502626,-0.02639337674247977,0.023320669462565818,0.37020415083292485,121.03606582641603,131.6160260026318,110.45610565020026
2022-08-22,120.68947334446555,120.94661217070288,118.5487186453777,118.97983856201172,246745600,114.0238186187744,139.46833064079286,-0.029608793422900126,0.023169142630017348,0.3677987369376654,121.34138227462768,131.26138101216168,111.42138353709369
2022-08-23,118.6566256899538,120.17342040971388,118.07454209876968,118.4937313079834,177150400,114.20858261108398,139.19333349227907,-0.004085627110470225,0.023150395404352743,0.3675011339563797,121.80247018814089,130.08201653276012,113.52292384352164
2022-08-24,118.18723685186414,120.27137355491064,117.52370006261069,119.0820240020752,185357600,114.5186085357666,138.9151098613739,0.004964757946247289,0.02312774631294498,0.3671415907766606,121.98474563598631,129.82294725889471,114.14654401307791
2022-08-25,120.12114486858296,122.12264078565984,119.56044398653783,122.03578300476076,158890800,114.89138204956056,138.65571201705933,0.024804407108784732,0.02337707915661993,0.3710996269649274,122.3731229019165,129.3205805072625,115.42566529657051
2022-08-26,121.54692817836316,122.5261043357701,116.50565421068862,116.62153091430665,247051000,115.08459386444092,138.36739549255373,-0.04436610277038899,0.024630971374288137,0.3910045488379035,122.30991025924683,129.44962461618212,115.17019590231153
2022-08-29,115.64878043628435,117.22452882355935,114.59105576979398,115.3166015625,233753500,115.33987178802491,138.09164748382568,-0.011189437675668268,0.024716067396831385,0.39235540631716453,122.19177764892576,129.7216201151979,114.66193518265364
2022-08-30,116.17987483942234,116.81571899120613,112.92726867541388,114.04838676452636,231594400,115.53703527069092,137.80904446983337,-0.010997677531159988,0.023676000257590483,0.3758448523337136,122.03676662445068,130.1116618990218,113.96187134987956
2022-08-31,116.89599448227038,117.50671953091926,114.18484682731123,114.38347129821776,297378800,115.72508413696289,137.50500128555296,0.0029380909559311164,0.023142301735655065,0.3673726509489704,121.66515035629273,130.4368850303635,112.89341568222196
2022-09-01,114.19954983013372,116.32446481478932,112.49796474234137,115.65076179504396,262301600,115.94122260284422,137.20020341300963,0.011079314890891423,0.023173335251844732,0.367865292745845,121.30773099899292,130.45923658348764,112.15622541449822
2022-09-02,116.94013853717134,117.61760763239477,112.97055335841056,113.71553497314451,262831500,116.07764877319336,136.88932160758972,-0.016733368564653794,0.022159188891579855,0.3517662183721519,120.91804084777831,130.67699231791667,111.15908937763996
2022-09-06,113.76405517858352,114.51048267024194,111.58614670420675,112.47137069702148,236701500,116.08825102233887,136.5709425983429,-0.010941022934261802,0.022178224981006515,0.35206840692350067,120.4486217689514,130.89576911394835,110.00147442395446
2022-09-07,112.4616668903624,114.95940293818184,111.82160836095572,114.52680130004885,256841100,116.16474573516845,136.25246201896667,0.018275144957238476,0.02156348346778963,0.34230968793614425,120.12450792312623,130.89563469664745,109.353381149605
2022-09-08,113.20770959218396,115.15509486519068,112.27551922874568,114.3890022277832,243055400,116.33217949676514,135.9263272342682,-0.0012032037104103832,0.018936321725899666,0.3006047881982396,119.5607816505432,130.29136859064806,108.83019471043836
2022-09-09,115.2211657653332,117.96780418526176,114.9944541292614,117.62670860290528,229696900,116.5400664138794,135.6299309616089,0.028304350174108706,0.019527607956572015,0.30999116611833444,119.20514530181886,129.68152217839025,108.72876842524745
2022-09-12,117.94770334213749,120.3766279355983,117.63422226815548,119.51465148925782,265444100,116.82929080963135,135.34697341918945,0.01605029086315768,0.01888406850153462,0.2997752939770126,118.814850730896,128.5753863387325,109.0543151230595
2022-09-13,115.45743341719916,115.80166911619207,110.56068449958354,110.90777969360352,357968600,116.9280144958496,135.01591357040405,-0.07201520222336844,0.023080576981145063,0.36639280084795056,117.97958690643311,127.42397597314128,108.53519783972494
2022-09-14,111.32507827197628,112.42008739656976,109.77903977435015,111.46780509948732,285044500,116.95924089050291,134.70748687171937,0.005049469094331682,0.023106599317676557,0.36680589263392155,117.17914270401002,125.92198863229922,108.43629677572082
2022-09-15,110.70832524251962,112.77577773939817,109.11271361088866,109.86785087585449,406703900,116.9391011352539,134.37686012268065,-0.014353509717041968,0.02185640624331504,0.34695969284046646,116.3821906852722,124.70959286700126,108.05478850354315
2022-09-16,108.39354114687808,109.15680060728788,106.3838864327106,108.41765594482422,550008600,116.84016165924074,134.05599887847902,-0.013199447513257745,0.021823113269701277,0.34643118326893935,115.50637340545654,123.26927212558853,107.74347468532456
2022-09-19,107.55335500388205,110.0719165692224,107.18680513357695,109.85137672424317,353084200,116.77419895172119,133.76297091865538,0.013224052548678866,0.022005095658521046,0.3493200641318027,114.86843334197997,122.261501658837,107.47536502512293
2022-09-20,108.67243504811454,110.66654737574484,107.73346590383258,109.05180435180664,365496700,116.76602838134767,133.46569123268128,-0.007278674116608208,0.02198772502539885,0.3490443138796603,114.37203163146974,121.93404414090729,106.81001912203219
2022-09-21,109.3589388743436,110.87580517045504,106.35232844338556,106.42342147827148,321689600,116.7177038421631,133.16542930793761,-0.024102149333135814,0.022302289035103992,0.354037862726207,113.76851613998413,121.8540006496488,105.68303163031946
2022-09-22,105.6341183047978,107.5687952717106,104.9672976249187,106.29784049987794,310778800,116.67244918823242,132.8461372871399,-0.0011800126010719225,0.020823202635322866,0.33055809403781466,113.12930696487429,121.46360383060892,104.79501009913966
2022-09-23,105.31519406323676,105.64998868262452,102.807945796899,104.17110023498536,336564700,116.59823674774171,132.49543369102477,-0.020007370374518718,0.020992668208497947,0.33324827661226436,112.2360728263855,120.37828516007308,104.09386049269791
2022-09-26,103.72360805551372,106.25247859337632,102.7959075735043,103.55173683166504,295975400,116.45563026428222,132.12899541473388,-0.005945635612210953,0.020389445421010306,0.3236724117271076,111.58258312225341,120.3190605067027,102.84610573780412
2022-09-27,104.99606815744691,106.05875817010244,102.20059675249236,103.08073959350584,283058700,116.31504765319823,131.76568096542357,-0.004548424319766431,0.020323953185530597,0.32263275471979763,110.97079002380372,120.29987651308943,101.641703534518
2022-09-28,102.44643637156788,106.31032910671146,101.55865219474484,105.77441940307617,443377000,116.13804181671144,131.41266109466554,0.026131747018819818,0.02118112557226604,0.33623994451587963,110.55709165573118,120.04402504164086,101.0701582698215
2022-09-29,103.7618749264462,104.17998650829732,100.71699006025231,102.02764587402343,447089500,115.82462496948243,131.0453452911377,-0.03542230295564042,0.021822243196487047,0.3464173712848557,109.93930038452149,119.97068263859927,99.9079181304437
2022-09-30,101.44942694486892,103.8283915249995,100.07904794251712,100.24736976623537,368998800,115.45407569122315,130.67428260612488,-0.01744895800091506,0.02185683906951268,0.34696656374334567,109.16913078308104,119.70663768408563,98.63162388207645
2022-10-03,100.92266849248831,103.60836593684569,100.24108564130054,102.9018814086914,307532700,115.23235885620117,130.29635432624818,0.026479613865640905,0.022392629898395904,0.3554719794711907,108.62844810485839,119.29267619903713,97.96422001067965
2022-10-04,105.05504117343666,106.58343435122228,104.41248433805303,105.61907539367677,353423200,115.08727017211913,129.95340367126465,0.026405678378158992,0.0226535390778084,0.35961378429218704,108.28583333969115,118.87021047156692,97.70145620781538
2022-10-05,103.91653949381993,106.06275592298276,102.41350557155116,105.27058334350586,286100700,115.00724237823488,129.61288494873045,-0.0032995180924654255,0.022653544700895124,0.3596138735559215,107.82302244186401,118.06222583856972,97.58381904515831
2022-10-06,104.71964632814952,106.54769571268533,104.0548041931041,105.03194770812988,261100100,114.79915103149413,129.28314607429505,-0.002266878626456359,0.02259674303593564,0.35871217507869824,107.35516971588136,117.1777687245239,97.53257070723882
2022-10-07,103.15137230622616,103.76424313747567,100.32853643031032,100.874849319458,299382200,114.53128326416015,128.91448588562014,-0.03957937065228878,0.0228302746537295,0.3624193745824171,106.517576751709,115.47073197868237,97.56442152473564
2022-10-10,101.14858773820882,102.35770774838498,99.49641855767364,100.77107963562013,259398800,114.18898918151855,128.54196605110167,-0.0010286972871627054,0.02166497071295224,0.34392074800781613,105.5803981590271,112.49776605732654,98.66303026072765
2022-10-11,99.88340912104844,101.37625259819976,97.70374585309152,98.70805053710936,351278400,113.80956511688233,128.15324813652038,-0.020472432229271642,0.021827617476546556,0.34650268533593653,104.9704117012024,112.05923012830391,97.88159327410088
2022-10-12,98.77385900984623,100.0252473824244,97.81135794412916,98.72134895324707,302170000,113.4410199508667,127.75031988906859,0.00013472473689191133,0.021815640931605842,0.34631256357906304,104.33308889389039,111.25224542645894,97.41393236132184
2022-10-13,95.63266621643524,101.29213668600843,94.6351890670511,100.64220581054688,444042300,113.01754813385008,127.35842961502075,0.019457360314327765,0.022216356802129907,0.3526737308178836,103.87180664062501,110.45948821067451,97.28412507057551
2022-10-14,101.64584871869344,102.17422600008628,97.1748305027244,97.36708984375,358239400,112.5089069519043,126.95483334732056,-0.03254217194883535,0.02261827720200741,0.35905401936740067,103.31927833557128,110.150771959387,96.48778471175557
2022-10-17,99.78192668557452,102.56668712827565,99.59107390309984,101.9553997039795,416642300,112.11782818603515,126.57477649879456,0.04712382661937009,0.02445202353846878,0.388163840010516,102.9244794845581,109.04181864270986,96.80714032640635
2022-10-18,104.93785366135708,105.49455129540806,101.13191061928572,102.56031227111816,472016700,111.73183938598632,126.21052189636231,0.005933109662607183,0.02446522131398917,0.3883733482018333,102.5999048805237,107.99454679428621,97.20526296676118
2022-10-19,102.17627380397042,104.49207462506752,101.44552777950024,102.81362648010254,630311500,111.36793035125731,125.83770900154116,0.0024699048138108193,0.024164564779802222,0.38360057368480177,102.41941513061522,107.50831188410807,97.33051837712237
2022-10-20,102.42271491092234,105.20005597990318,101.71635570503392,102.40360984802246,337067600,110.90273199462891,125.47118422317504,-0.003987960021616721,0.024161563715680595,0.38355293326879547,102.22470359802246,106.97554724919921,97.4738599468457
2022-10-21,100.77129614275503,104.58445815363008,100.40663631111276,104.33562927246092,469907400,110.49465586853029,125.14332149124147,0.01886671209448365,0.023793203241561724,0.3777053920247292,102.23293004989623,106.99851151846778,97.46734858132467
2022-10-24,104.05111882428989,106.15705222056246,102.04679421922928,104.93881034851074,349517200,110.04702121734618,124.81566876792907,0.005781161049737582,0.023571930425628922,0.37419279496758623,102.30228372573852,107.18754577657324,97.4170216749038
2022-10-25,105.42544331095549,108.3032537860188,105.0211290247319,107.76465950012206,355718500,109.65005328369139,124.5052894935608,0.02692854190195626,0.020450372422896254,0.3246395978978215,102.53647972106933,107.99439681901497,97.07856262312369
2022-10-26,103.80457637317468,106.12754251223971,101.9750245736216,102.9267074584961,485043200,109.15905364990235,124.17393770980834,-0.04489367909727848,0.021940051156491162,0.3482875146726641,102.39409412384035,107.6408401152045,97.1473481324762
2022-10-27,95.93300498822524,97.37855739245302,93.40326857984851,94.20814971923828,677939100,108.5270788192749,123.78489853286744,-0.08470646690776018,0.026537664511542807,0.42127236404403984,102.00311931610108,108.40341218908281,95.60282644311934
2022-10-28,92.61511147046348,96.81878944684956,91.94456150283996,95.87575721740724,627126400,107.92591393280028,123.40369574546814,0.017701308253466497,0.026797450275290794,0.42539633519423276,101.78453868865967,108.71402058738356,94.85505678993577
2022-10-31,95.02134850308988,95.88377312759586,92.70287833046676,93.5849754333496,425282000,107.3454098815918,123.02962887763977,-0.023893232768561923,0.026844226162305265,0.42613887938060124,101.31869338989257,109.12865077307286,93.50873600671228
2022-11-01,94.74010206315388,95.74219398368174,90.63096528803904,91.42841720581056,460264300,106.79438145446778,122.63609303092954,-0.02304385097664441,0.027044482156986165,0.42931784474345447,100.60916048049927,109.3025802749537,91.91574068604484
2022-11-02,91.09094024989275,92.0688674941205,87.43961128581559,87.50041275024414,461901800,106.17451508331298,122.24789003181459,-0.04296262120259897,0.02770305800958785,0.4397724122961928,99.72065195083619,109.91151790737268,89.52978599429969
2022-11-03,86.73288755950736,87.29975298327561,84.4233592539434,84.6269458770752,427127800,105.485413520813,121.85036616134643,-0.032839466499098524,0.028108155221509806,0.4462031311734995,98.70040185928345,110.59553313147646,86.80527058709043
2022-11-04,86.47562711277388,87.29028303278662,83.1541435914132,85.74098320007325,487926100,104.75951752471923,121.47027824211119,0.013164096984147777,0.028238401696439226,0.44827072986433586,97.94370855331421,111.11356103188304,84.77385607474538
2022-11-07,86.6199452560197,87.78955092204599,85.15759386229647,87.26643524169921,356206500,104.1724156112671,121.13615944480894,0.017791398986717777,0.028572777345353885,0.45357877873336006,97.26847633361817,111.19123456823515,83.34571809900119
2022-11-08,87.56035575031603,88.72373265159544,85.93041080048889,87.39930419921875,337967200,103.61406966400145,120.79667508125306,0.0015225665761586793,0.02859966434857878,0.45400559667755724,96.70303901672364,111.2826858439197,82.12339218952758
2022-11-09,87.97570335458434,88.83843039434089,85.95268129974285,86.22303848266601,377820400,103.05756269836425,120.47204900169372,-0.013458524954289564,0.028017119418169922,0.44475798259725763,96.07812349319458,111.34856574088641,80.80768124550275
2022-11-10,91.15728630275338,95.14022111678509,89.81535617263164,94.45693931579588,521233000,102.65903205871582,120.19365718460084,0.09549536850044071,0.03307964247517625,0.5251230446894729,95.76886016845702,110.90000577678748,80.63771456012657
2022-11-11,94.1162172681097,97.49233866853066,93.29334808404708,96.86537322998046,394360400,102.28332428741454,119.92451749038698,0.02549769166384408,0.03331818252420233,0.5289097505741859,95.74377433776856,110.86542394193714,80.62212473359997
2022-11-14,95.65166934704584,97.98185341194426,94.86432584854444,96.4062114715576,436263700,101.9371378173828,119.62681538200378,-0.0047402053294391955,0.03292825128055266,0.522719783979519,95.46631492614746,110.3091421560009,80.62348769629402
2022-11-15,99.19666109395558,100.55344445629432,96.53456798766577,98.17005081176758,439784900,101.65111141967773,119.3103376674652,0.018295909706298907,0.032722648355163766,0.5194559387230806,95.24680185317993,109.77439368069176,80.7192100256681
2022-11-16,96.94995806392336,98.09208255691424,95.78379128346118,96.79536781311036,294956100,101.29648274993897,118.97452960586548,-0.01400307922110644,0.03279649544380101,0.5206282249125624,94.94588891983031,109.05689351076654,80.83488432889408
2022-11-17,94.8245423597968,97.0768326156942,94.27062041916147,96.0561019897461,322535700,100.92982474517822,118.62294934844971,-0.007637409104034987,0.03281110275691071,0.5208601088194291,94.6285135269165,108.3123308536795,80.94469620015352
2022-11-18,97.17629193908849,97.40309266855232,94.7104602789213,95.81471633911131,292958800,100.49358489990234,118.3764839553833,-0.002512965294599878,0.032054055672971704,0.5088423589302136,94.20246788024903,107.12304512135779,81.28189063914027
2022-11-21,95.48634073814812,96.143297580839,93.32015752799964,93.9792148590088,261617900,99.98287616729736,118.10233625221254,-0.0191567804011048,0.032220789373435664,0.5114891743698207,93.65448810577394,105.54651469422875,81.76246151731912
2022-11-22,94.10294585517286,95.3389797136996,92.68265670890511,95.18668251037596,228914600,99.66845422363282,117.85156872940064,0.012848241530626137,0.03212992351296982,0.5100467235530695,93.02558925628662,102.94194273999005,83.10923577258319
2022-11-23,95.09903458786587,96.48493890901688,94.75629983436176,96.08158531188964,217117300,99.36072982788086,117.60304339408874,0.009401554691394143,0.03218284837035679,0.5108868796179864,92.6833331489563,101.58100878680798,83.7856575111046
2022-11-25,95.19146447261456,95.79819971134916,94.49515167777248,94.87422943115234,124353500,99.06085739898681,117.3324709224701,-0.012565944627350945,0.03203211522367678,0.5084940650952893,92.716637134552,101.64328297932123,83.78999128978278
2022-11-28,94.15582127161342,95.41215256233114,92.8818443455443,93.33010940551758,240770000,98.75910646820068,117.0679311618805,-0.016275442076241542,0.03162308284981261,0.5020008774587754,92.58935474395751,101.39815502155591,83.78055446635912
2022-11-29,93.47563329633176,94.01561946899834,91.5312054485409,92.38494567871092,251161000,98.40977784729004,116.82201088523865,-0.010127104027060962,0.030324048480210836,0.4813793461398242,92.52935325622558,101.32593859862008,83.73276791383107
2022-11-30,92.38493539407544,98.12092609059908,91.90571759790706,97.90895195007325,461883800,98.18692079925536,116.60167711639404,0.059793359521726375,0.032385516640900475,0.5141041386729993,92.85337999343872,101.95147401477146,83.75528597210598
2022-12-01,98.22738099773494,99.41224207448072,97.16876239449871,98.44793395996092,351625900,98.02741104888915,116.37344067001342,0.00550493084802417,0.03240160068925134,0.5143594650250685,93.40075605392455,102.46003579926443,84.34147630858467
2022-12-02,96.75158547688474,99.12940240896675,96.4675689959678,98.64013366699218,326281000,97.87425691223144,116.14904679489135,0.0019522980249584432,0.03240048525799442,0.514341758102806,94.10141544342041,102.44266325234139,85.76016763449942
2022-12-05,97.78653957993944,99.7044152825533,96.67826568920792,97.22769737243652,284471900,97.73538885498047,115.93966528511048,-0.014319083339080052,0.03227417664763953,0.5123366710741348,94.67575115203857,102.12759730375288,87.22390500032427
2022-12-06,96.64547491779656,97.06494743470331,93.16326973172174,93.6626235961914,280784700,97.53760659027098,115.71924396324157,-0.03666726532244102,0.03285344541555981,0.521532277687238,94.99556056976317,101.61054287055165,88.38057826897469
2022-12-07,93.37370271930524,94.49085273750268,92.17423870850644,92.93293533325196,276530500,97.33465050506592,115.50650892829894,-0.00779060242947438,0.032361039819280964,0.5137155811756562,95.27224212646483,100.94527556419574,89.59920868873392
2022-12-08,93.95627245492145,94.80142648510332,92.61174580753936,93.7174144744873,270319900,97.09351040649413,115.3140156288147,0.008441346853214515,0.03151487532901814,0.5002831363187211,95.64696092605591,99.50201457976752,91.7919072723443
2022-12-09,93.59623795377514,95.20273906707764,92.73532362190024,93.50270385742188,341394300,96.92301156616209,115.09493127059937,-0.0022910429002911403,0.02744382016582469,0.4356571391061092,95.59924915313721,99.53900582141077,91.65949248486365
2022-12-12,93.4661975308689,94.43285866252351,92.03089481270308,94.01528205871584,288115600,96.79836981201171,114.86923412132262,0.0054819612711474175,0.027263730652009797,0.4327983067024007,95.45674459457396,99.40983061008806,91.50365857905986
2022-12-13,98.54364608966856,99.51684105659304,95.1198620757687,96.23635177612304,386957000,96.66505921936036,114.65309512138367,0.023624560483901602,0.027226252532619104,0.43220336000131576,95.44825160980224,99.39347071144866,91.50303250815583
2022-12-14,95.9516231135531,97.78766851995849,94.19433515444813,95.73440017700196,293677800,96.46736571502686,114.44802781105041,-0.005215821151333566,0.026869235659662403,0.42653589284313154,95.32646907806397,99.06276757752039,91.59017057860754
2022-12-15,93.63941177400278,93.9768616567553,90.3719081059389,91.32979583740234,435618800,96.18854996490478,114.21228035926819,-0.04600858553932552,0.027049657745468397,0.42940000466352884,95.05319047927857,99.1218579299225,90.98452302863464
2022-12-16,92.0865795364604,93.3334917820861,90.67077230493187,91.35768432617188,572176800,95.91506469726562,113.98810202217102,0.0003053602443083836,0.026252298472706496,0.41674231861573297,94.81826959609985,99.17545212894255,90.46108706325715
2022-12-19,90.87090656247253,91.21458268935632,88.55280814926307,88.95980491638184,284024000,95.67676380920412,113.76267517471314,-0.02624715619136042,0.02670208339042327,0.42388243283021043,94.47552402496338,99.5259674651627,89.42508058476406
2022-12-20,88.4009832576918,90.20151986493832,87.60642462174451,89.62980804443359,273158400,95.45393837738037,113.57166482162476,0.007531526498754326,0.026552371080096563,0.42150582358223404,94.25805368423462,99.75344742179567,88.76265994667358
2022-12-21,89.93205111594753,92.05496350017896,89.25854081853404,91.4000400543213,254095600,95.3077781677246,113.39010087013244,0.01975048310948213,0.026767156346705838,0.4249154339866071,94.06872156143189,99.68890850211282,88.44853462075095
2022-12-22,90.14802964981904,90.59368224659752,87.62945259457027,89.28357048034668,289121800,95.1190225982666,113.17321001815795,-0.023156112105823357,0.027015561312998527,0.4288587405780701,93.72882081985473,99.65061430773746,87.80702733197201
2022-12-23,88.54206492193244,90.29772554832172,88.03615979356051,89.92055931091309,204559200,94.90458966827393,112.96074026298524,0.0071344462048212876,0.020428998704298828,0.3243003006338127,93.48113731384277,99.61190928357429,87.35036534411124
2022-12-27,89.62785537291991,89.87781374739116,87.76292548018704,88.308837890625,225562400,94.72342462921142,112.75691941261292,-0.017923836691399297,0.01998822731703985,0.3173032717794915,93.23007373809814,99.78356934210953,86.67657813408675
2022-12-28,87.93907582897363,88.99410264736416,86.44756905070213,86.61401138305663,242446700,94.41659686279297,112.55809992408753,-0.01919203726435048,0.020207408935132627,0.32078267210007283,92.94152702331543,100.12919632593048,85.75385772070038
2022-12-29,87.6065601493261,90.03723626578365,87.32128577947371,89.47290344238282,272284300,94.15484868621826,112.35385041236877,0.03300726999795134,0.020917281782244675,0.33205155419568794,92.5197245979309,99.46606018531818,85.57338901054362
2022-12-30,88.2060722689632,89.59349221526452,87.67287653990394,89.54724464416503,258674500,93.88952104949952,112.12292190933228,0.000830879505660409,0.02082031036524149,0.3305121806736562,92.07469013214111,98.54609855706826,85.60328170721397
2023-01-03,90.73234481757738,92.15328346926012,88.77561585129392,90.00566215515137,320123200,93.64156209564209,111.88303290748595,0.005119281032129441,0.020839547925384134,0.3308175674734707,91.64296655654907,97.38063482136944,85.9052982917287
2023-01-04,91.34174966215906,92.42381050629858,89.38020730094996,90.72730827331544,318701600,93.36939567565918,111.62770151901245,0.00801778578018908,0.020918409061142836,0.33206944919342446,91.31794710159302,96.42543253069023,86.21046167249581
2023-01-05,90.5019069809151,91.28253903646484,88.9091969359865,89.60816459655761,284819000,93.06278276062012,111.3707414112091,-0.012335246113401865,0.02075751318330066,0.3295153063149495,91.11522415161133,96.15223144294097,86.07821686028169
2023-01-06,90.34114065503856,92.40785197790758,88.68066594457208,92.05704956054689,329622100,92.74863056182862,111.1095888156891,0.027328815125439387,0.021261987230027257,0.3375235835380992,91.07142986297609,96.05686029929493,86.08599942665725
2023-01-09,92.95358158867988,94.72208811477076,92.21992458530146,92.43534889221192,259375900,92.53880339050292,110.8560294494629,0.0041094010015627624,0.02119545205608151,0.336467370395906,91.0073265838623,95.88122721486289,86.1334259528617
2023-01-10,91.57697187494816,94.41828743883345,91.04698892788934,94.07527236938476,321528000,92.53614584350588,110.59721347427367,0.017741302400287928,0.02135046150014785,0.3389280690351015,91.03595500946045,95.97782343588818,86.09408658303272
2023-01-11,94.117075450238,96.5267021300452,93.70234200884067,96.25034408569336,320667100,92.54363758087158,110.34537051010133,0.023120546574324274,0.021529676051186657,0.3417730118353381,91.14770811080933,96.4604235527472,85.83499266887146
2023-01-12,96.90081078407766,97.95369398895107,94.87261447830774,97.00751342773438,326212200,92.61208834075927,110.09023189544678,0.007866666340090145,0.021452276498596323,0.34054433202888795,91.1862661933899,96.66314159876192,85.70939078801787
2023-01-13,96.11498005896136,98.39932696842516,95.84028163750156,98.14619674682618,274980100,92.74644393157958,109.82859440231323,0.011738094080105066,0.018578091306665014,0.2949180565901198,91.3068560218811,97.28833713435006,85.32537490941215
2023-01-17,98.06678224706693,98.77111445033825,96.40909199973603,97.34669952392578,282621600,92.94336966705323,109.57072486114502,-0.008145982721701861,0.01861205506317631,0.2954572145100305,91.60770120620728,98.17099754128662,85.04440487112794
2023-01-18,98.02775956040928,99.27610504277384,96.29857534168988,96.59022445678713,276716400,93.18263523864745,109.32443683242798,-0.007770936979252463,0.018657771695444008,0.29618294354858876,91.86932821273804,98.79767023216353,84.94098619331255
2023-01-19,95.96474070426022,98.13266921878,95.25706087820843,97.03742904663086,372990700,93.4085641555786,109.0766886138916,0.004629915629234427,0.018494916029382035,0.2935976899966022,92.27320941925049,99.4255469060469,85.12087193245408
2023-01-20,97.85021529424606,100.6670905505984,97.15731204916533,100.41922149658204,523887800,93.67161988067626,108.82347195434569,0.03485039209278806,0.018198990248032888,0.2889000138527083,92.81268009185791,100.7139131008652,84.91144708285063
2023-01-23,100.48503919932602,103.26098348857704,99.86605726298842,102.53153610229492,382205600,93.9742645187378,108.59393772506714,0.02103496297055818,0.018397624481265314,0.29205323455069027,93.3692548942566,102.34647922920696,84.39203055930624
2023-01-24,101.61072465255886,103.5200025308313,101.13128318575744,102.25894088745116,306378300,94.2949825668335,108.3851424407959,-0.0026586475264721576,0.018405312148016762,0.2921752724770103,94.01802341461182,103.60662226596223,84.4294245632614
2023-01-25,100.31713766532604,102.22552321664104,99.12017078544056,101.56566543579102,306681900,94.43715708923338,108.1751690979004,-0.0067796071976060635,0.01846858067067614,0.2931796291376614,94.60027872085571,104.54875753441614,84.65179990729528
2023-01-26,102.8793732288432,104.1746682204127,101.7846262126298,103.92918090820312,260792800,94.57843324279786,107.98615992355347,0.02327081166918843,0.018835389036148703,0.2990025314208123,95.38129587173462,105.69597144991509,85.06662029355415
2023-01-27,103.94518898622876,107.1682460223028,103.7088804387628,106.08434829711912,295018100,94.77199597930908,107.82653396224975,0.02073688419443598,0.01873621809303745,0.29742824150427566,96.35481271743774,106.85894605208802,85.85067938278746
2023-01-30,104.78113339292268,105.57648990324395,103.13763612307272,103.60888290405272,241249500,94.88077262115479,107.65678368759154,-0.023334878639525214,0.01930762107361139,0.3064989826142739,97.06161169052123,107.51823330976052,86.60499007128195
2023-01-31,103.77178470506172,105.43198104259956,103.56476767632958,105.14815673828124,248721600,95.04782839965819,107.48366254806518,0.014856581705006588,0.017067836322069915,0.2709435019569139,97.84165729522707,108.26558241019197,87.41773218026216
2023-02-01,104.75330517346212,107.83544124245032,103.47957132476051,107.07588272094726,329357800,95.26822401428223,107.33784088134766,0.01833342630498236,0.017219086396875,0.27334452245919894,98.69516832351685,109.21257242770078,88.17776421933293
2023-02-02,115.89957620374705,120.2967682396733,114.67200371590909,118.29556045532226,575422700,95.71784089660645,107.24605921173095,0.1047824911573676,0.02413229230645682,0.38308826405281243,100.07358093261719,113.11693495480215,87.03022691043223
2023-02-03,114.05826498368371,120.60803774728808,113.28512629581736,116.06467819213869,534871100,96.15955016326905,107.12565035629272,-0.01885854595554437,0.024692928267672876,0.39198808402931645,101.39640661239625,115.30820430619754,87.48460891859496
2023-02-06,115.0767357193987,116.69546896188515,113.90670967456234,114.72442855834962,276235900,96.55030508422851,107.03374631118776,-0.01154743764136723,0.02488074868931751,0.3949696407901824,102.52977556228636,116.92296197601279,88.13658914855993
2023-02-07,114.21716136728917,118.0875531184103,113.25898775130308,117.3541015625,361808800,96.97575540924073,106.97770977210998,0.022921648311483356,0.024313674071370767,0.38596761030675814,103.77571319580079,118.79040145515994,88.76102493644164
2023-02-08,115.70181444462658,116.50912841406782,112.28611030413676,113.22240447998044,333413000,97.3427189102173,106.9188116645813,-0.0352070956831374,0.025644038286515403,0.40708648750523213,104.73306980133057,119.58429617164478,89.88184343101636
2023-02-09,114.61317733407935,114.95060281025962,109.97238012422886,110.61216583251954,346214400,97.68836003875732,106.83837450599671,-0.023054082444631696,0.025839360102752264,0.41018712521356127,105.45116088867186,119.96031539063566,90.94200638670807
2023-02-10,109.95330357233698,111.39560160025732,108.5676284472639,109.42216186523436,271516100,98.0291043624878,106.77613280296326,-0.010758346139673192,0.02557961227141021,0.4060637562216447,106.07189331054687,120.11480815446077,92.02897846663296
2023-02-13,110.3411283412676,112.20437031481184,109.38847670350351,111.6451774597168,267923800,98.30382887268065,106.73769865989685,0.020315953885286397,0.02525687676051006,0.4009404888150977,106.7468423461914,120.48001485053351,93.01366984184929
2023-02-14,110.57296331620437,112.46862433631198,109.38052394726176,111.60082321166992,242919200,98.56688665771485,106.64992436027528,-0.0003972786738852818,0.025269395696615588,0.4011392207647837,107.4595485305786,120.60560714719536,94.31348991396185
2023-02-15,110.75067264728465,112.63369299147752,110.24632213283908,112.32933349609377,228669300,98.84067065429686,106.60246357154847,0.0065278217799711324,0.025265812348442808,0.4010823368760269,108.24650398254396,120.50749212501324,95.98551584007467
2023-02-16,110.26809220068893,112.30881320462296,109.6058140171112,109.97597808837892,244954200,99.09563626861572,106.52879523658753,-0.02095049738541077,0.02580156548343576,0.4095871542319143,108.89343143463134,119.97260688171944,97.81425598754323
2023-02-17,109.0117969050505,109.91655455317093,107.74928493634977,109.36005020141602,230575900,99.40958480072022,106.44913081169129,-0.005600567484545849,0.025658728668810377,0.40731969009453395,109.34047286987304,119.67653329104313,99.00441244870295
2023-02-21,108.43921721560108,109.51977844695952,107.00938459354649,107.16024780273438,240772500,99.69413105010986,106.33382939147948,-0.020115228500993787,0.02582223252487484,0.4099152333438139,109.57190845489501,119.46377328606425,99.68004362372577
2023-02-22,107.12307965651203,108.22183597875434,106.14363993886332,107.2165512084961,209324600,99.96411378479004,106.25963454437256,0.0005254131724794497,0.025836641382071274,0.4101439668607244,109.81978897094727,119.17389890179125,100.4656790401033
2023-02-23,107.66959207991933,108.1205463201196,105.33317830379416,107.12606887817384,290472400,100.23658108520509,106.19185104751587,-0.000843921291091565,0.0257499444771815,0.4087676961620602,110.09780914306641,118.7209321348524,101.47468615128042
2023-02-24,105.1695973386562,105.85254636512096,104.19393700345871,105.32714462280272,237206800,100.46281833648682,106.13764955711363,-0.01679259095577279,0.02579375812572131,0.40946321627046056,110.16770732879641,118.60086542691133,101.7345492306815
2023-02-27,106.25611060597728,107.06912489583335,105.27828992570664,105.71307373046876,200674100,100.65235277557373,106.07915940475463,0.0036640992124881144,0.02577961732447582,0.409238738009852,110.14914360046387,118.62169104482649,101.67659615610125
2023-02-28,105.79181247456287,108.07540265013137,105.6459935030336,106.79611587524414,207460400,100.87358708953857,106.0481565876007,0.010245110718630324,0.02576396121389097,0.4089902049592158,110.30850524902344,118.37316693062866,102.24384356741822
2023-03-01,106.51319085291053,107.70874264035176,105.1487322060956,105.55616760253906,219001100,101.15811452484131,106.01073577308654,-0.011610424803777941,0.0258239375947845,0.4099423004895076,110.32890579223633,118.34049399006018,102.31731759441247
2023-03-02,104.82605031670646,106.58084517272492,104.31391723421336,106.17904891967774,206413900,101.45454181671143,105.95402892112732,0.005900946683514263,0.025747574320940856,0.40873007109817355,110.28406410217285,118.38189068922958,102.18623751511612
2023-03-03,107.75638041952718,110.6143699495798,107.13166482532726,110.25717658996582,267062700,101.88048925018309,105.92179181861879,0.03840802598799975,0.026526828792718015,0.42110035234031773,109.88214490890502,117.05029297297665,102.71399684483339
2023-03-06,111.51279934922256,113.11992724406142,110.38507284059008,110.73906021118162,262126100,102.30267429351807,105.87881271171571,0.004370542001160382,0.025904487905527577,0.41122099703103854,109.61586400985716,116.18787199217269,103.04385602754164
2023-03-07,111.57100151028416,112.2804613078437,109.41224526877002,109.86016845703124,215350700,102.67187686157226,105.86409120941161,-0.007936601163801904,0.025770995745565347,0.40910187468761705,109.37265100479127,115.49315707207423,103.2521449375083
2023-03-08,109.8512954425981,110.9839749900448,108.97676862071192,110.4188735961914,180434600,103.09458292388916,105.85716876220704,0.005085602425402236,0.025755143053726403,0.4088502210063163,109.02588960647583,113.90169417331843,104.15008503963323
2023-03-09,110.74621487747464,112.25798170596958,107.8224262244587,108.32384185791015,239882600,103.4626485748291,105.83821048164367,-0.018973493118059737,0.026007696928187905,0.41285938947314205,108.78096147537232,113.24382158017207,104.31810137057258
2023-03-10,108.17104176350188,109.38019930303608,106.20891179290336,106.74147453308106,257598900,103.83130130767822,105.80063851547241,-0.014607747451430897,0.025881970627508844,0.4108635463240005,108.58742691040038,113.05163324711633,104.12322057368443
2023-03-13,105.93124505041722,109.67243112852206,104.74461962933678,107.85461158752442,281841800,104.25611331176756,105.79576690864563,0.010428346238540831,0.025681339667873736,0.40767862857703213,108.50904939651488,112.96658663699206,104.0515121560377
2023-03-14,109.95380463455228,112.34042409139474,109.15855175127264,111.95612564086916,271868400,104.7057777557373,105.80545981788634,0.03802817508657341,0.026127713470499442,0.4147645930181632,108.52459680557251,113.03010180456313,104.0190918065819
2023-03-15,110.93946316541602,114.0026971683926,110.12203182049294,113.63873481750488,332798400,105.1876075592041,105.80601842117308,0.015029183682482516,0.026130454928066076,0.4148081123078701,108.62649238586428,113.50192094297377,103.7510638287548
2023-03-16,113.52345928000514,118.12903198720056,112.76376403811044,117.3514030456543,355584100,105.73452237701416,105.80700447654722,0.03267079868595579,0.026550003741825142,0.42146824325222193,108.87759586334228,114.93101667578075,102.8241750509038
2023-03-17,116.46906521355632,117.56354143026329,114.39967065312912,115.24615669250488,366602400,106.22489934539796,105.79300391769408,-0.017939677741478643,0.018675325023085474,0.2964615939863145,109.14110479354858,115.82213727246655,102.46007231463061
2023-03-20,115.34912826161272,116.5557663195012,113.54193027127543,115.85964965820312,245311000,106.74992904663085,105.78600043106078,0.005323326897010094,0.01838424795611743,0.2918408887970053,109.46608476638794,116.79304427835476,102.13912525442112
2023-03-21,117.02742030758311,118.84282530051853,115.68213714951152,118.41758842468262,255335900,107.27713982391359,105.77047454452514,0.022077908694059234,0.018672187401834323,0.29641178579308136,110.02895179748536,118.28124643563017,101.77665715934056
2023-03-22,118.33850696527358,120.65458326135186,116.67502754081347,116.73982238769533,263162400,107.76322929382324,105.76709797477723,-0.014168216557242319,0.018412123034646257,0.29228339195038733,110.50511535644532,119.16316053004013,101.8470701828505
2023-03-23,118.43327886853312,120.70065731685244,117.37860580663772,118.81500625610352,349901900,108.25802397155762,105.76540180015563,0.0177761437867916,0.01743491519203018,0.2767706983656828,111.0895622253418,120.34469523520434,101.83442921547925
2023-03-24,118.7358675779224,119.87162600965982,117.65237077496234,119.4301872253418,303318600,108.7216208343506,105.76419472694397,0.005177636972153676,0.016800049273804237,0.2666925143527037,111.79471435546876,121.3455626685855,102.24386604235201
2023-03-27,119.14020859774068,119.77109059767665,117.05566389673784,117.79154052734376,235017700,109.13730137634276,105.75590231132509,-0.013720540309513418,0.016890310454152662,0.2681253661701742,112.39863769531249,121.85735625836763,102.93991913225734
2023-03-28,117.17567882114574,117.66552397370036,115.34381822891076,116.71355514526368,200791500,109.50864854431153,105.76832313728333,-0.0091516366731772,0.01667984170001414,0.2647842782769735,112.89450965881346,122.15429738894234,103.63472192868458
2023-03-29,118.2156149172852,119.49293344827724,117.64948818813131,119.09620895385744,211592700,109.94363873291014,105.81752652359009,0.020414542300834393,0.017022560166455664,0.27022476526845574,113.57151172637938,122.54780331624568,104.59522013651309
2023-03-30,119.1852061455731,120.7111813901322,118.59183292639702,120.28131637573242,230144600,110.41746057128907,105.90102946662903,0.009950840856186582,0.01706324348608815,0.27087059294599236,114.27662509918214,123.0204033451404,105.53284685322389
2023-03-31,120.32384271602214,122.69919149433083,119.9759227187684,122.55505142211912,243905800,110.92781301879884,105.99681918716429,0.018903476573901568,0.016728955128806535,0.2655639297886836,114.89151884078979,124.15911224174198,105.62392543983759
2023-04-03,121.28047085941424,123.35613479463332,120.85011234008805,123.03363876342772,185208900,111.38010136413574,106.07718268013001,0.0039050804985605314,0.016635490661331156,0.26408022736451797,115.50624776840212,125.2337209237239,105.77877461308034
2023-04-04,123.24791075430744,124.42357579074118,122.51004696075157,123.60296249389648,173368300,111.80152989196776,106.18243396568299,0.004627382691358761,0.015996281126274287,0.25393309057198776,116.19338747024537,126.17967380174075,106.20710113874999
2023-04-05,123.48789452211652,123.82092497230892,120.84231017737308,121.8855712890625,186429200,112.1940625,106.27091075897216,-0.013894417821245897,0.016344869577250756,0.2594667606791456,116.76672235488891,126.67344291424948,106.86000179552835
2023-04-06,121.20838186922936,124.3531079098988,120.49645391597188,123.89207763671877,210619000,112.64059074401855,106.36546600723268,0.016462213914538504,0.01645799415598749,0.26126255769418366,117.54513414382934,127.09885749282863,107.99141079483006
2023-04-10,122.39262957547324,123.16191810452146,120.64191776923045,122.73001327514648,154730600,113.01660739135743,106.45489688110351,-0.009379650287080876,0.01617287869130167,0.25673649000719984,118.34456108093264,126.69141026591359,109.99771189595168
2023-04-11,122.77459665450657,123.03300062797572,121.15774910879186,121.62812194824218,191531900,113.32748286437987,106.5285663585663,-0.008978173288664015,0.016378635638809216,0.2600027802889723,119.0332365989685,125.87258461294118,112.19388858499582
2023-04-12,122.29857564982969,122.95556490123022,120.3703040751704,120.81781997680665,189864600,113.67166160583496,106.5729491672516,-0.00666212680469036,0.01647591009835058,0.2615469644621603,119.47632131576538,125.48266871201601,113.46997391951474
2023-04-13,122.10255851194512,125.17659019495603,121.98050826086543,124.92019271850586,258588700,114.06710232543946,106.64403980255128,0.03395503032985325,0.01705345395260544,0.2707151889197128,120.04039421081544,125.85429313028169,114.22649529134918
2023-04-14,124.00200862709524,125.85077126942248,123.45260000812095,125.23324127197266,202511200,114.43024949645996,106.74011943817139,0.002505988396705572,0.017063812312033865,0.2708796227779422,120.43448612213135,126.54204083120173,114.32693141306096
2023-04-17,124.15619177295082,124.86994526912386,122.86890241760004,124.06943740844729,195848800,114.54572703552245,106.82430481147767,-0.009293090649933,0.016102040897254657,0.255611974888363,120.87565015792848,126.67196769934273,115.07933261651422
2023-04-18,124.83927042627246,125.30576930179332,122.96229451813988,123.76166763305665,308035900,114.69966682434082,106.91784599113464,-0.0024806252193877443,0.01614610017826883,0.25631139429140987,121.27075105667116,126.69261522228129,115.84888689106103
2023-04-19,122.23815321770049,124.48342179565498,121.7787684112404,123.68112106323242,364205900,114.87880067443848,107.00639361953736,-0.0006508200104659023,0.016017168513134103,0.2542646675590022,121.53392768859862,126.8831629544769,116.18469242272035
2023-04-20,122.67616459989976,124.7026400480748,122.31808853839902,123.13374557495118,253927500,114.99439355468749,107.07252992057802,-0.00442569960213568,0.01609055701972021,0.2554296739841058,121.85362384796142,126.74076851240642,116.96647918351641
2023-04-21,122.69896817148448,124.22920572127332,122.05326036237864,123.48369216918944,252108800,115.19961930847167,107.13557418823243,0.0028420039738437097,0.015510043088274176,0.24621430101281816,122.08705814361572,126.80620087503878,117.36791541219266
2023-04-24,123.8365058665134,124.6311789705422,122.28619183345066,123.50663146972656,206684900,115.45750862121582,107.18628419685363,0.0001857678543146779,0.015111954479552554,0.23989484026214752,122.29088035583496,126.8771141974133,117.70464651425661
2023-04-25,122.7906812989296,123.37982887599792,120.73811295488052,120.884171295166,233869200,115.68674880981445,107.22495749282837,-0.021233355191970893,0.01580817716546554,0.25094703276643066,122.44551189422609,126.57922113136146,118.31180265709071
2023-04-26,122.40723978784158,123.85316959497293,120.97946047958445,121.67495651245116,260874900,115.88734439086915,107.2860306110382,0.006541677117960054,0.014453319487867206,0.22943933390556034,122.69358196258545,125.8616304909114,119.52553343425951
2023-04-27,128.8421276446313,131.24151386625357,127.63456440200376,130.19740295410156,392337200,116.25927598571778,107.3928193836212,0.07004273258793625,0.018864771315123506,0.2994689606395302,123.24864166259765,127.47582029159545,119.02146303359984
2023-04-28,129.76313370864642,130.83489308217617,127.90615205351568,129.9540641784668,303969600,116.61177059936524,107.49978683853149,-0.0018689986905540135,0.018139700511757447,0.28795881846780774,123.73227905273438,128.6816544577175,118.78290364775124
2023-05-01,129.3297081929581,130.94538219922347,127.91890044996316,129.67898330688476,236441600,117.00583070373534,107.60877314376832,-0.00211675466497363,0.01771810882609009,0.28126625793727766,124.08847564697267,129.6665796747905,118.51037161915482
2023-05-02,129.6670963470234,130.58225021984552,127.4040930250807,128.5039752960205,220428400,117.38870920562744,107.69788271522522,-0.009060897771565601,0.017877463331206735,0.2837959322822962,124.3619924736023,130.2501632877786,118.473821659426
2023-05-03,128.80207077588665,130.50689555526304,126.77140119431252,127.90850219726562,237088200,117.80367429351806,107.78687587547303,-0.004633888542227349,0.017588781379989885,0.2792132483768202,124.57726945877076,130.66020261384855,118.49433630369296
2023-05-04,127.30060372963791,128.5314392320125,126.09806702364912,126.8434455871582,206686800,118.19621218109131,107.84796954727173,-0.008326706917925142,0.017426973906436025,0.27664463436504916,124.82516317367553,130.85004402829497,118.8002823190561
2023-05-05,127.74757538567776,129.40309916240835,126.86275555239529,128.77383270263672,263950700,118.62916745758056,107.90334626960754,0.015218658769026394,0.01735788132758083,0.27554782367850333,125.06925092697142,131.32605211131968,118.81244974262316
2023-05-08,128.0932430284945,130.1490401896205,127.70145127566248,129.4959800720215,203191600,119.11254416656493,107.95695200157166,0.005607873542541331,0.017360066706224468,0.27558251548897283,125.40754926681518,131.86038867177217,118.95470986185818
2023-05-09,129.09089302676514,130.78661460589714,128.40992657922075,129.26873245239258,198091000,119.58365734100342,108.03335704803467,-0.0017548623478700343,0.017101931465088087,0.2714847455729615,125.7895797920227,132.20488412703918,119.37427545700625
2023-05-10,130.54964201494434,132.39993200696557,129.11764942977385,131.2148468017578,257523500,120.07203195953369,108.12506373405456,0.015054795637312601,0.017068045911703175,0.2709468290891958,126.30943113327025,132.71340743510123,119.90545483143926
2023-05-11,132.14829309055284,134.47517676487686,131.30216868816296,133.32880630493165,304123500,120.62748473358153,108.24534790039063,0.016110673103689743,0.016943373887894884,0.26896772206653263,126.72986181259155,133.8174081857233,119.6423154394598
2023-05-12,133.5564680589902,134.11841369636016,131.16326780271726,132.45614471435547,213473500,121.15302664947511,108.33044604873658,-0.006545184156080519,0.017007957277038303,0.26999295158552783,127.0910069847107,134.58205660100077,119.59995736842062
2023-05-15,133.10375425737442,134.4984023332507,131.95432016187868,133.26791915893554,183727800,121.61324150085449,108.42544445610046,0.006128628055200203,0.016763417281215436,0.26611099949819134,127.5509310722351,135.38263349734302,119.7192286471272
2023-05-16,132.57221789626342,135.17690620140496,132.42760320527964,134.2515441894531,210104600,122.08349118041993,108.50727325820922,0.007380808800237171,0.016782392987263507,0.2664122294931217,128.0754249000549,136.23671668228818,119.91413311782163
2023-05-17,134.38531301080482,136.48201945424654,133.75024425742453,135.90845260620117,217711500,122.60445686340331,108.59841925239563,0.01234182017608565,0.01686636243926828,0.26774520321950773,128.68679147720337,137.28241805045076,120.091164903956
2023-05-18,136.1393952034798,139.14978575097098,135.92346334438045,138.78810653686523,406100300,123.1718415222168,108.70661674880981,0.021188188633181948,0.016849120039315303,0.26747148860581876,129.4695095252991,138.75900645998294,120.18001259061523
2023-05-19,139.29103476461955,140.044756545574,137.31063263547574,138.0576057434082,252549800,123.76651679992676,108.78782579421997,-0.00526342502743915,0.01678275655157634,0.2664180008976657,130.19820520401,139.7921234262345,120.6042869817855
2023-05-22,137.9191590172514,140.50395708536294,137.15644031845733,138.558016204834,231367500,124.40284763336182,108.86662013053893,0.003624649715828321,0.0165989383671255,0.2634999776826158,130.95077444076537,140.69473439839953,121.20681448313121
2023-05-23,137.66830104399995,139.41417404468802,136.6691084625772,137.0870574951172,238779000,124.98749655151369,108.94450872802734,-0.010616193490690873,0.016646343764469627,0.2642525150356643,131.76091875076293,140.63641291506414,122.88542458646171
2023-05-24,136.51072472390686,138.3855537532087,136.01139909620025,137.8318832397461,240271300,125.5050117034912,109.02436938285828,0.005433231686772677,0.016522040875234952,0.2622792678426938,132.5687650871277,140.46621365083433,124.67131652342108
2023-05-25,139.36263715604542,140.4593437961882,137.36780386801152,138.79204711914062,249874400,126.00807794952392,109.11328422737122,0.006966195751126669,0.015572041250093083,0.247198491320314,132.99849729537965,141.27870236652052,124.7182922242388
2023-05-26,139.09319703537764,143.39346954304625,138.75958808835543,142.76860504150392,306582000,126.51642198944091,109.19880961418151,0.02865119439408348,0.01622489686439788,0.25756225290521073,133.6392243385315,142.85756236189488,124.42088631516815
2023-05-30,144.73407808804842,146.0742296830024,142.41579947577847,143.6379707336426,287822400,127.08425827026367,109.29330228996275,0.006089333799163654,0.016015628973396513,0.2542402281233272,134.33717370986938,144.37072893361383,124.30361848612492
2023-05-31,142.89861144829166,144.7521275018157,141.91409777052536,143.7344657897949,305105600,127.64175459289551,109.37537190437317,0.0006717935073814463,0.015975047988219526,0.2535960249549094,135.0986982345581,145.57049089462913,124.62690557448707
2023-06-01,144.11259785402387,147.2733094077121,143.68065679657877,146.62155227661134,251260100,128.20583386993408,109.47041438484192,0.020086250510289227,0.016164283579410913,0.25660004683587756,136.03435073852538,147.12674672339864,124.94195475365211
2023-06-02,147.29539039740044,148.77181455429258,146.2761386952712,147.2220344543457,228682300,128.81547811126708,109.5691411113739,0.00409545642104181,0.016052689197604747,0.2548285409440509,137.05328018188476,148.33319354911225,125.77336681465725
2023-06-05,146.7867266482349,149.721273332687,145.62952087941153,147.24724502563475,295419000,129.3841228866577,109.67634288024901,0.00017124183470551557,0.016078734860250684,0.2552420030206091,137.9769507980347,149.42640435428007,126.52749724178932
2023-06-06,147.05968150182693,149.2831390256052,146.16581139481224,147.5553985595703,206515900,129.9466271133423,109.78444986534119,0.0020927626447742043,0.01605868978591518,0.25492379733038784,138.87992172241212,150.36162436763706,127.39821907718718
2023-06-07,147.74805923017516,149.45752865925988,143.30931474903122,143.77241744995118,355634500,130.46624465179445,109.89026106262207,-0.025637700460629964,0.016334663711987836,0.25930474759074607,139.60510597229003,150.33856389936042,128.87164804521964
2023-06-08,143.50033143213676,146.38987731150274,142.65419357962486,145.2331504821777,222573800,131.0366365585327,110.02152762222289,0.010160036661656768,0.016352742293449248,0.25959173617436837,140.30602115631103,150.55232071680086,130.0597215958212
2023-06-09,145.29080730982977,147.18943939143523,144.5246839475256,145.45014495849608,264654100,131.5637152786255,110.15630969047547,0.0014941111970507848,0.01102201126386252,0.1749690045115977,140.91208808898926,150.85000855151765,130.97416762646088
2023-06-12,146.156172760944,148.4988153888854,145.36547014863865,148.2026054382324,208956800,132.12214105987547,110.30191259765624,0.018923738305807403,0.011306052986610879,0.17947802707374877,141.69941112518308,151.30611781117761,132.09270443918854
2023-06-13,149.46252050469943,150.13382470759606,147.26775500780445,148.45234756469728,222141200,132.64008698272704,110.43399542045594,0.0016851399186026406,0.011251068117219654,0.1786051693320655,142.45863254547118,151.6507987055596,133.26646638538276
2023-06-14,148.4256626691944,149.72579334637493,146.579709884247,149.0035140991211,243783800,133.15948448944093,110.59590533638,0.00371275054564979,0.010954925945931381,0.17390405810438073,143.19623104095461,151.97363934267443,134.4188227392348
2023-06-15,148.51527254028838,152.3822059405114,147.88886981562612,151.59689483642578,258110500,133.7193631362915,110.77730680274965,0.017404829362477114,0.011025074636380494,0.17501763404273196,143.98065315246583,152.81964374810624,135.14166255682542
2023-06-16,152.62125668959584,153.3874755751263,149.90924141026863,150.318408203125,361703600,134.28801987457277,110.95865690994262,-0.008433461877172865,0.011029787090156475,0.17509244192726875,144.5571682357788,153.4739063809794,135.64043009057818
2023-06-20,149.50975028923943,152.0225765307956,148.7583993084207,151.0234359741211,201088300,134.83064704132082,111.14185673332214,0.004690229090527742,0.010884158136008099,0.17278065394906655,145.20545974731445,154.0172545839729,136.39366491065599
2023-06-21,150.6356020760555,151.13672716592518,148.14032482487386,149.38344116210936,203979900,135.36371559906004,111.31052013015747,-0.010859207390121584,0.011280482535954034,0.17907210875364962,145.7467309951782,154.16018189155878,137.33328009879764
2023-06-22,148.78957587204613,152.34763200445556,148.16943840000948,152.16406707763673,234810200,135.97443450164795,111.50276279067994,0.018614017014843443,0.011481375579117506,0.1822611869476507,146.5005814743042,154.32847609348258,138.67268685512582
2023-06-23,150.57426037126,153.3568199107757,149.7141037819516,152.57003326416014,294036400,136.60947876739502,111.70325610351563,0.0026679504190452175,0.011348391350858685,0.18015012777005057,147.23748897552488,154.3736378697558,140.10134008129396
2023-06-26,152.249009863661,153.55342333352013,148.6446575363474,148.90555877685546,212680600,137.089186088562,111.87514989089966,-0.024018310862920278,0.012328599694846995,0.1957104528373917,147.74316455841065,153.69445389687397,141.79187521994734
2023-06-27,149.7684118358048,152.47317526086812,148.9276816755829,151.54591674804686,211357000,137.6154395980835,112.06093446350096,0.017731762285303043,0.012425004169563495,0.19724082642963375,148.1820301437378,153.87777896548099,142.4862813219946
2023-06-28,150.90526067236337,153.67607815837297,150.5379248628916,152.0254699707031,235292800,138.17456024932864,112.23292827033997,0.00316440873463808,0.012423989568764403,0.19722472014126732,148.6014051055908,154.1208145162221,143.0819956949595
2023-06-29,151.68505237037454,152.62107402911218,150.25086615993914,150.87365341186523,175917900,138.7167999649048,112.38972327995299,-0.007576470962792237,0.012602148941388527,0.20005291250345963,148.95836448669434,154.06008855476247,143.8566404186262
2023-06-30,152.4987179746351,154.70689177588707,152.15935262596898,153.67232284545898,262255000,139.3166240005493,112.60354599571228,0.01854975584076124,0.012793779706369383,0.2030949565895901,149.31090301513672,154.69911801180638,143.92268801846706
2023-07-03,153.56568807651453,154.55027841169982,152.40511646120368,153.21520462036133,120152200,139.91825318145754,112.81228299331664,-0.00297462950148375,0.01244199720183583,0.1975105824541147,149.6105615234375,155.17341546283245,144.04770758404254
2023-07-05,153.30537401877626,156.67821316628113,152.6348246389764,155.13439559936523,212961000,140.55126725006104,113.0386157169342,0.012526113082309998,0.012439933046571807,0.19747781500513853,150.00491905212402,155.9663301282545,144.04350797599355
2023-07-06,154.21154601719027,155.3339703988273,152.53915044553156,153.88737411499022,207467900,141.15888210296632,113.26596430778504,-0.008038330117296821,0.012631850319825213,0.20052440726909537,150.32151782989501,156.40646241794718,144.23657324184285
2023-07-07,153.8854265732946,155.66891508475584,152.6716634852406,153.51986923217774,177753800,141.81159606170652,113.48430677032471,-0.0023881418792542908,0.01240016739023774,0.1968465547808513,150.80889041900633,156.20799776495207,145.4097830730606
2023-07-10,153.86713811105452,154.68388444033917,150.65385008296147,152.76108627319337,236702000,142.4333186569214,113.70285317993165,-0.004942571686514463,0.01249894126350731,0.19841454140906264,151.1852872085571,155.96138807538927,146.40918634172493
2023-07-11,152.8609526884485,154.86094973815614,151.54183251896285,153.92339248657223,192946300,142.90783844757078,113.94035303497316,0.0076086537595065895,0.012505616958348977,0.19852051477934032,151.60894958496095,155.69663276043968,147.52126640948222
2023-07-12,155.64578797360485,158.07956720940814,154.57120906581005,157.28087921142577,239171500,143.45437474822995,114.19526822853088,0.02181271261381812,0.012087265892210089,0.1918793974890069,152.06286327362062,156.55414917051368,147.57157737672756
2023-07-13,159.37585511291132,161.02290724228405,158.0967956736105,160.17693252563475,238667100,144.06433373260498,114.47529738998414,0.018413257407570383,0.012390842334055603,0.1966985241031335,152.64909252166746,158.11177615563778,147.18640888769713
2023-07-14,159.84661391372674,161.63002705045005,158.32944646116857,159.38803253173828,224399500,144.68201487731932,114.75447886848451,-0.004925178560091448,0.0124800364698434,0.1981144371133325,153.16831844329835,159.12386417503876,147.21277271155793
2023-07-17,159.51523161043104,161.48222800541154,158.31294412290814,160.17128524780273,218926700,145.32727053833008,115.03993159675598,0.004914125004388259,0.012087085458332905,0.1918765331900042,153.5970379638672,160.26781724352304,146.92625868421135
2023-07-18,159.93574823581167,161.57542147086104,158.46535158137772,160.57599105834962,280514600,146.00192144775392,115.31393945503235,0.002526706393850553,0.012085671474656131,0.1918540868950043,154.10991710662842,161.2780796080953,146.94175460516152
2023-07-19,160.96562467988016,163.89355271177587,159.51578260640025,161.84954757690429,403991000,146.66343574523924,115.61304896354676,0.007931176448986665,0.012106750133522123,0.1921887002309854,154.65122268676757,162.44572019582202,146.85672517771312
2023-07-20,160.35967472462602,161.73871925566462,155.7327119708964,156.34484481811523,421042500,147.20041304016112,115.89353633880616,-0.03401123352645419,0.013887015587709712,0.22044953818774427,154.99929286956788,162.41589140795003,147.58269433118573
2023-07-21,157.49843574583088,157.94289111438053,153.04218970788492,154.4460678100586,493736200,147.70395974731443,116.15125727081299,-0.01214480087441061,0.013159679641865117,0.20890343799392783,155.11339290618895,162.41566886337662,147.81111694900127
2023-07-24,155.3737756011992,156.6223436955354,153.020453090717,154.15726699829102,228214700,148.16280815124512,116.39394822883605,-0.001869913658939848,0.013100549638283844,0.20796477828693738,155.1927545928955,162.41268162522238,147.97282756056865
2023-07-25,155.02529630479188,156.3427618786022,154.04045430036814,155.082608795166,197213100,148.5978842010498,116.64300835609436,0.006002583043232423,0.013119525899670182,0.20826601709758943,155.50160709381103,162.0899604332263,148.91325375439575
2023-07-26,157.38690691580615,158.60550471327525,154.87865938713463,157.17034912109375,270413000,149.09216828918454,116.90370036315917,0.013462117655534511,0.012916106517163304,0.20503683450980828,155.78282871246338,162.13620991851622,149.42944750641055
2023-07-27,163.8595706619223,164.78711432942015,158.635776022304,159.3769104003906,275197200,149.6143481140137,117.19621066856384,0.014039297435146647,0.013099997952881191,0.2079560205526732,156.15040073394775,162.43879263290125,149.86200883499424
2023-07-28,161.29605833470026,165.01724507127088,160.52100059740147,164.2933464050293,234662300,150.2151841583252,117.51382200241089,0.030847856143574992,0.014089400732292371,0.22366230275746168,156.82138538360596,163.5849485850545,150.05782218215742
2023-07-31,164.22637427879312,165.2462677255675,162.50388755444078,163.63810653686522,200456700,150.76977723693847,117.83847228240967,-0.003988231310041779,0.013893936257808237,0.220559400419664,157.31967456817625,164.55813528398383,150.08121385236868
2023-08-01,162.9443912186279,164.90054347650602,161.6594567210469,163.6499755859375,180373300,151.26701461791993,118.16311541557312,7.253230511805597e-05,0.013746079177151824,0.21821224202968265,157.84141311645504,165.33399969050302,150.34882654240707
2023-08-02,161.8127277217512,162.06697350273683,158.51420201720637,159.8863723754883,197273300,151.7035899505615,118.45933624839782,-0.022997884338044616,0.014530793070239913,0.23066918889837312,158.07901195526125,165.5112943818372,150.6467295286853
2023-08-03,158.5544422347374,160.94059527316077,158.04586100881735,159.5665252685547,247529100,152.12376013183592,118.77033342552186,-0.002000465093938364,0.014349233317475786,0.2277870171748996,158.36296951293946,165.5508926447492,151.1750463811297
2023-08-04,161.43937950199862,163.51397394567525,159.03176541889002,159.34677810668944,367263300,152.56895454406737,119.05729031753539,-0.0013771507620123913,0.01402605819538939,0.22265677115711835,158.65431495666502,165.47887201844145,151.8297578948886
2023-08-07,160.45885047198675,162.3050071100518,158.38139396439874,161.27368698120117,255585000,153.03779061889648,119.35085719108582,0.012092549955553977,0.014154969687751717,0.22470317765669187,159.07994499206544,165.4001214989507,152.75976848518016
2023-08-08,160.50303238268012,161.59323492479,158.47819917045314,160.15338439941405,195924200,153.46501736450193,119.63755598068238,-0.006946592483606517,0.013397991250666166,0.21268651750249154,159.39144458770753,165.23787572723745,153.5450134481776
2023-08-09,160.49809073294645,160.8213741763728,156.40646546779084,157.41347961425782,193730500,153.757914855957,119.91260532951355,-0.017108004276219613,0.013542881740101573,0.21498658271679866,159.3980746078491,165.23472065564243,153.5614285600558
2023-08-10,158.82578744987416,160.50033362224,156.91395103872543,157.64466247558593,203508000,154.0380486907959,120.17915049552917,0.0014686344644347926,0.013538610899958907,0.21491878523135782,159.27146110534667,165.14670427672544,153.3962179339679
2023-08-11,156.4797212092641,157.83277410114914,155.55988820775306,156.62213439941405,167858900,154.2958020629883,120.4375671157837,-0.006486284153960686,0.013515408830454977,0.21455046379650122,159.13316619873046,165.1258920437925,153.14044035366842
2023-08-14,156.4778211887009,158.8407683485329,155.54737044839013,158.7581024169922,170821800,154.5385330657959,120.69253433036803,0.013637714910275989,0.013328130497386587,0.2115775124250031,159.06250705718995,165.03699231405767,153.08802180032222
2023-08-15,158.41677985335065,159.15470151585083,155.85328112131742,156.55282974243164,151478400,154.72514897155762,120.96066494178773,-0.013890772445542376,0.013591644058448963,0.2157606605229876,158.86134899139404,164.8919255886894,152.8307723940987
2023-08-16,155.83365138943614,156.63083311670107,153.76652580031703,153.96275939941407,172074600,154.8594592590332,121.2594379901886,-0.016544385350803825,0.013762609374138101,0.21847465077177425,158.46700958251955,164.7027990656759,152.2312200993632
2023-08-17,154.1165072529186,155.3484961898973,151.03420633776474,151.40776290893555,232128400,154.93650654602052,121.53709801864623,-0.016594899314906875,0.014017788323137426,0.22252549100500055,158.22015548706054,165.16072616273252,151.27958481138856
2023-08-18,149.04705756433242,151.6993583699096,147.5192054152301,150.53118820190429,218644600,155.07168196105957,121.82182908248902,-0.005789496457711207,0.014047759913161676,0.22300127524660865,158.02441150665283,165.6045086063667,150.44431440693896
2023-08-21,150.68778280832422,153.0382505480524,149.72493548793244,152.66243667602538,171800600,155.22026768493652,122.1279991798401,0.01415818542043601,0.014273303511037309,0.2265816688652987,157.94966999053955,165.71747309046552,150.18186689061358
2023-08-22,153.55010139551317,154.34124529025237,151.90163039976815,152.63336944580078,145976400,155.36393217468262,122.45366396331787,-0.00019040198006459175,0.014202243931599048,0.22545363301252386,157.82720802307128,165.85809847197305,149.7963175741695
2023-08-23,153.43872894995098,157.10206617238651,152.90559814630933,155.90976791381837,223377500,155.51807542419434,122.81007807350159,0.021465807116189062,0.014183846810096835,0.22516158776251807,157.76417896270752,165.83645596968057,149.69190195573447
2023-08-24,157.11111402177423,157.56518049682845,151.67551710833905,151.8291213989258,202331700,155.58561090087892,123.14051876449585,-0.026173129300969933,0.014499280574259612,0.23016894353304432,157.38678951263427,165.8384279837672,148.93515104150134
2023-08-25,152.08347258788322,153.5471589751766,148.85431761162357,152.50734329223633,199970400,155.6556874847412,123.46672330474854,0.004467007956454827,0.01452817867806655,0.23062768670925124,156.79748935699462,164.85591273502615,148.73906597896308
2023-08-28,153.7221717588372,154.8177740201847,152.26926223328695,154.0025848388672,141997700,155.70380128479005,123.79973970794677,0.009804390492631265,0.014628181622420322,0.2322151842360571,156.3157132720947,163.7825758388649,148.84885070532454
2023-08-29,153.82354708724264,158.4768506404968,153.64884112432316,157.60730438232423,200437100,155.84957920837402,124.15666103744506,0.023406876886051364,0.015293446181046378,0.24277593170519526,156.01357971191408,162.6766402375827,149.35051918624546
2023-08-30,157.66947662882407,159.05895742268632,156.49644433906525,158.1164985656738,179237700,155.99144046020507,124.47495883369446,0.0032307778205149518,0.015227937560880086,0.24173601459904928,155.92508602142334,162.4163742072073,149.43379783563938
2023-08-31,158.24762893011206,160.80880873932117,158.09327338139488,158.94208145141602,204889500,156.1826132659912,124.78534237480162,0.005221358259456466,0.01389145470236293,0.22052000694822657,155.8938638305664,162.31705521814212,149.4706724429907
2023-09-01,160.5777195202035,161.38747284616687,158.29916562600084,159.39786529541016,169078000,156.32728923034668,125.10030064392089,0.002867609633849355,0.013683776265924402,0.2172232139753041,155.89641819000244,162.3254292440016,149.46740713600326
2023-09-05,159.1404067539273,160.85093580384586,158.14888759282218,160.2198585510254,181834800,156.480285736084,125.41054968261719,0.005156864893339996,0.01369056426325743,0.21733097009236427,155.84372676849367,162.10218561802589,149.58526791896145
2023-09-06,160.1304941586674,160.91691338088015,156.5945004432918,157.98591232299805,196266900,156.66189280700684,125.71650240516664,-0.013943004620216248,0.013940225257095306,0.22129421550297376,155.73535316467286,161.749903458186,149.72080287115972
2023-09-07,155.6721844824774,159.35217654563573,153.83973672816262,157.4352180480957,242807700,156.7796788330078,126.02339798545837,-0.0034857175985190114,0.013747799306849301,0.21823954824209646,155.73644008636475,161.75227499750275,149.72060517522675
2023-09-08,157.44114154928167,159.81835802194982,156.71917601771392,157.69414672851562,171980800,156.89305236816406,126.3327951374054,0.0016446680966950566,0.01349992707609572,0.2143046985651397,155.73891429901124,161.75809349023427,149.7197351077882
2023-09-11,158.9055293961711,161.75906627413764,158.16407330556734,160.9748390197754,185108300,157.09507608032226,126.66777325820922,0.020804147517965887,0.012808555508499955,0.20332951517674405,155.9565495300293,162.40933333086235,149.50376572919623
2023-09-12,160.4198489640769,161.31637166986457,157.56130926331335,158.3017593383789,196164600,157.18766481018068,126.98334864234924,-0.016605574496447395,0.013126822908827681,0.20838185352686125,155.93373237609862,162.3479171045834,149.51954764761385
2023-09-13,158.39254669121192,160.7258833681627,156.9888483497221,159.10931701660155,297123500,157.30554705810545,127.29848730087281,0.005101381574013075,0.013173297483421213,0.20911961452683328,156.06155673980712,162.62778071475648,149.49533276485775
2023-09-14,159.58621002083902,161.60870069662013,158.26114005897875,160.74497756958007,276113500,157.41775869750975,127.62784104156493,0.010280105424673947,0.012634392357585832,0.20056476086752295,156.40066764831545,163.20665910091412,149.59467619571677
2023-09-15,160.44961869441053,160.8878142819147,156.44055004489638,157.26487731933594,370386500,157.48530876159668,127.94751488113403,-0.021649822612577307,0.013249725492844694,0.21033287156363867,156.69352336883546,163.08644197599105,150.30060476167986
2023-09-18,156.96766657353982,159.4502584145795,156.5192324174105,158.3204002380371,193223600,157.58131938171388,128.27719215393066,0.006711752405833549,0.013311299855080621,0.2113103342613207,157.0829839706421,162.8095325213083,151.35643541997587
2023-09-19,157.77402984099157,159.25333257626215,156.32984212602747,158.56901016235352,190355500,157.69747785949707,128.58049244499207,0.0015702962090964334,0.01311533498017154,0.20819948831304086,157.3783126449585,162.74273946735335,152.01388582256365
2023-09-20,158.811468800674,159.67738380254306,155.16423975316044,155.27492599487306,192672900,157.7245085296631,128.86462740516663,-0.0207738205851683,0.013584966226716733,0.21565465323062388,157.5103904724121,162.49989451415843,152.52088643066577
2023-09-21,153.18130545458547,154.8344921388436,151.70473473012814,152.29778594970702,241794900,157.6248466644287,129.1329156665802,-0.01917334705581719,0.013674657044194531,0.21707845081821794,157.32979137420654,162.80141959174279,151.8581631566703
2023-09-22,153.58742712571728,155.74066939529266,152.38042689687822,152.9646842956543,205324600,157.4806016998291,129.41160060119628,0.004378910315659512,0.013703140984072297,0.21753061934587323,157.38656951904298,162.63695722187245,152.1361818162135
2023-09-25,152.1933811408444,154.6157858528674,151.4670362914434,154.2660987854004,168845100,157.37816302490236,129.71461797714232,0.00850794087366391,0.013766159553296463,0.21853100811875073,157.47450729370118,162.4315233820463,152.51749120535607
2023-09-26,152.85561217923174,153.6580722394208,150.32158480616096,151.41044082641602,223667000,157.2029461364746,130.00700550460817,-0.01851124765238854,0.01388544394718325,0.2204245891678438,157.3449000930786,162.79514849753335,151.89465168862384
2023-09-27,151.85484614193632,152.94811218218,147.9952920865647,151.2239112854004,231086500,157.01590454101563,130.2945379886627,-0.0012319463571833777,0.013686361565770914,0.21726425433805452,157.02573043823242,163.1207672290192,150.93069364744562
2023-09-28,150.68006687919683,153.93554162208608,149.59700277004455,152.83348236083984,199228600,156.83558323669433,130.5911918811798,0.010643628125725169,0.013525082965941616,0.21470403593638435,156.76157962799073,163.11021652865892,150.41294272732253
2023-09-29,154.48242143945544,155.72958470204907,151.51462238031394,152.15874862670898,212559300,156.75186131286623,130.88190921401977,-0.004414829288112432,0.013193363136745165,0.20943814689836857,156.42241298675538,163.00117370307595,149.8436522704348
2023-10-02,152.7608605435533,155.66876371589558,152.3142158204741,155.1477897644043,169768800,156.76589575195314,131.17646640396117,0.019644227917701595,0.013602754733958548,0.21593703702876538,156.20990921020507,162.65724453067548,149.76257388973465
2023-10-03,153.95665124848034,155.2354274784064,151.49402235090284,152.35222091674805,230292300,156.72979483032225,131.45955550765993,-0.01801874749167487,0.013804453551846988,0.21913890649997647,155.8165273284912,162.19338861954887,149.4396660374335
2023-10-04,151.99023867859515,155.1095709273855,151.73508595840866,154.53576278686523,183894000,156.71885791015626,131.77558534240723,0.014332195861525232,0.014049123000822367,0.22302291359240084,155.64401985168456,161.96015890570558,149.32788079766354
2023-10-05,154.30374063460175,155.04331955301308,152.0560881512534,154.29805068969728,177499100,156.66141194152834,132.09028717422484,-0.001538233564070235,0.0134821778779496,0.21402293877954706,155.48716148376465,161.77174262654128,149.20258034098802
2023-10-06,152.76216182966883,158.49674165925975,152.51561948079114,157.99063873291016,201285900,156.6336865081787,132.4354413433075,0.02393152749958527,0.013262832286082769,0.2105409354559996,155.50198608398438,161.80984300184048,149.19412916612828
2023-10-09,156.73202992917933,159.81782151351143,155.83672552803446,159.1822998046875,155944300,156.53146557617185,132.78320380210877,0.007542605570396432,0.013299098953262306,0.21111665094942883,155.41235912322998,161.4373939078565,149.38732433860346
2023-10-10,159.27767619975594,161.38294175999505,158.40550303653595,159.67336730957032,205590200,156.45217079162597,133.124570438385,0.0030849378698847296,0.013210959270304534,0.20971747685897477,155.48093952178957,161.6733534118095,149.28852563176963
2023-10-11,160.0118737380462,162.5562368000255,159.70679036623696,161.95176315307617,227727500,156.41820654296873,133.48791140174865,0.014269103745326195,0.012781831057201484,0.20290527766438157,155.6230618286133,162.27921705992324,148.96690659730334
2023-10-12,162.21876108528772,163.71256156563126,160.07424032911985,161.09866104125976,231328700,156.44245231628418,133.84380191040037,-0.005267630899517095,0.012824466265177085,0.20358209060877533,155.64074600219726,162.3558166093538,148.9256753950407
2023-10-13,161.21399152103658,161.87037417031553,156.93132166780188,157.9182327270508,205101200,156.4094864654541,134.19184888458253,-0.01974211513399493,0.013321408805774461,0.21147080887863098,155.67341377258302,162.42799307792683,148.9188344672392
2023-10-16,158.63740744595384,160.62980402703536,157.85550105889405,160.1718322753906,191676900,156.42598754882812,134.55963798904418,0.014270673559493297,0.013570232876769662,0.21542076855099088,155.76598537445068,162.72108141164762,148.81088933725374
2023-10-17,158.65549025389672,160.95856993412093,157.34863071807246,160.23145904541016,205881600,156.4051429901123,134.91343076705934,0.0003722675152832977,0.013538662358101033,0.2149196021040398,155.84910781860353,162.98270194545373,148.71551369175333
2023-10-18,158.94270757005705,160.7201421423296,156.68152572328148,157.3730094909668,251985900,156.34953549194336,135.25255959129333,-0.017839502751037517,0.013695721272130302,0.2174128350702837,155.9540119934082,163.11371322745714,148.79431075935923
2023-10-19,159.75493414263292,161.15633273370918,156.88514091896377,157.597908782959,445783500,156.35322407531737,135.59052082443236,0.0014290842674968829,0.013682455819116165,0.2172022525320596,156.21901813507083,163.19900638771776,149.2390298824239
2023-10-20,157.75579424090162,158.23847411336095,154.49531167339438,155.17655487060546,297127400,156.30386192321777,135.91276705741882,-0.015364124632441523,0.013966760539800135,0.22171545005700838,156.32961166381835,163.16100272784723,149.49822059978948
2023-10-23,154.7844397726182,158.20671110868676,153.7053621007774,156.83595428466796,222254800,156.30813832092284,136.2489060058594,0.010693621954980248,0.013552248900851745,0.21513528178381297,156.45810443878173,163.22241687463878,149.69379200292468
2023-10-24,157.9508630485967,159.03954646341845,156.02977439925863,157.62899780273438,219225800,156.2855562286377,136.5767657470703,0.005056516037304615,0.013253713226218464,0.21039617486844966,156.76903228759767,163.1151739873731,150.42289058782222
2023-10-25,154.24786925196594,154.80116435904432,150.01394848950054,150.48922271728514,321289200,156.16428408813476,136.86703511619567,-0.04529480733224189,0.015568952086000456,0.247149452360625,156.73229785919187,163.22050329911391,150.24409241926983
2023-10-26,148.8355757751543,149.5646853443863,143.76788904618803,146.26575088500977,363287000,156.01034391784668,137.1279875087738,-0.028064945489217896,0.016112896774435805,0.25578430659607165,156.4039112854004,164.24645296699902,148.56136960380178
2023-10-27,148.98653555885312,151.27288903597463,147.7906460131283,149.68710861206054,307947200,155.97593083190918,137.39517133140563,0.023391379775163923,0.01641229766912625,0.26053714845403864,156.28032928466797,164.47454440801977,148.08611416131617
2023-10-30,151.00413799624556,154.77010798291832,150.58467762395586,152.9622184753418,234162700,156.0245514373779,137.6749448566437,0.021879705564820995,0.01690078548390447,0.26829165211236994,156.17105072021485,164.48626055776617,147.85584088266353
2023-10-31,153.01557437762625,153.6857500712797,150.68194784239654,152.8145004272461,180937900,156.02759271240234,137.94828637504577,-0.0009657159105569413,0.01689378615542205,0.2681805412173163,156.19416469573974,164.46714135390394,147.92118803757555
2023-11-01,153.20840933561672,157.27716016319783,152.9036167784462,156.96342086791992,217042300,156.11419374084474,138.24636998176575,0.027150044197861378,0.017231009820808007,0.2735338009462177,156.3155475997925,164.5572510544657,148.0738441451193
2023-11-02,159.1048151552505,160.08924600377458,156.48740519256265,157.99010162353517,223087900,156.15580041503907,138.5533693675995,0.006540891820134176,0.016853808714343183,0.2675459190144318,156.50015014648437,164.7169395772004,148.28336071576834
2023-11-03,158.035804381094,159.65957889059888,157.15278262237152,159.12544860839844,203717400,156.30172695922852,138.8638094654083,0.00718619061065362,0.016878910446459918,0.2679443966583789,156.55689064025879,164.8324791131697,148.28130216734786
2023-11-06,159.40804927868913,161.13800976469832,158.82072292513408,160.37571716308594,170784100,156.4590944366455,139.16359194374084,0.00785712508980474,0.01686994983401153,0.2678021513455793,156.6165615081787,164.9885062888809,148.2446167274765
2023-11-07,160.89739666782916,163.1521583812649,160.1936026056949,162.21912536621093,200807400,156.6234252471924,139.46202989006042,0.011494309959970028,0.01653277108145603,0.2624496045857583,156.74384941101073,165.38457974167645,148.103119080345
2023-11-08,162.24880459647576,163.43487099661576,161.03897211378955,162.70760650634764,157465500,156.72543128967285,139.7642732181549,0.003011242595680086,0.016518469137216742,0.262222568259427,156.7816415786743,165.52428981365935,148.03899334368927
2023-11-09,162.68947294150692,164.15122345955436,161.45567328545076,162.1224334716797,157204800,156.80554998779297,140.06705705833434,-0.003596470055904355,0.016483198734212185,0.26166266796948057,156.8328302001953,165.69310240425727,147.97255799613333
2023-11-10,162.348117681048,166.04938319321337,161.87998492026935,165.8860076904297,205836700,156.94442851257324,140.37684119224548,0.023214395060307425,0.016873823861015547,0.2678636496177291,157.23121894836424,166.96994969781457,147.49248819891392
2023-11-13,164.80602049814928,166.47594833204334,163.90884611620754,165.30761642456054,143502800,157.06262353515626,140.6729575328827,-0.0034866790389490587,0.016614577574977387,0.2637482424106846,157.48800815582277,167.80677837438895,147.16923793725658
2023-11-14,167.92172117099642,169.5651308322036,167.10622617925475,168.26546249389648,206966600,157.22353561401368,140.9962404308319,0.017892981178430967,0.016396072613558625,0.26027958368179777,157.88970832824708,169.2328312442616,146.54658541223256
2023-11-15,169.2502346542922,169.9458660117329,166.51066249386082,167.60882263183595,206411900,157.41599382019044,141.30854376029967,-0.003902404286229233,0.016316465964018385,0.25901586729745446,158.40149898529052,170.54208936105195,146.26090860952908
2023-11-16,166.93154860582771,169.20808697193394,165.64007858900175,168.72178497314454,187572200,157.6417251586914,141.61677327156067,0.006640237213247913,0.01630910981071162,0.2588990919839199,158.9576927947998,171.93375743442095,145.98162815517867
2023-11-17,167.8316927549679,169.4353211849478,166.74609425324792,169.01447067260742,180279400,157.86813163757324,141.8703678226471,0.0017347238206937288,0.015828479233498904,0.25126931810513026,159.6495885848999,173.23800536940567,146.06117180039413
2023-11-20,168.68313493262593,171.58062315494848,168.44861450702192,170.8863082885742,169408300,158.06636102294922,142.1444759731293,0.011075013923468546,0.015881312744441246,0.25210802409019334,160.3521062850952,174.75635123844555,145.94786133174486
2023-11-21,170.08062725696277,170.70550672918796,168.69348625334305,169.84016494750975,174000700,158.29712913513183,142.42005465507506,-0.006121867524329971,0.015958203866849693,0.2533286328177216,160.96266464233398,175.906018049077,146.01931123559095
2023-11-22,170.71994948439755,172.87776612927678,170.45993262110412,171.79013290405274,142219400,158.55074545288085,142.69223481178284,0.011481194434459274,0.015893385746411068,0.25229967705493417,162.02771015167235,176.86399388905286,147.19142641429184
2023-11-24,171.32284404173075,171.85709840705627,169.6187690425793,170.56014862060547,78455500,158.74704887390138,142.97892353248596,-0.007159807508468674,0.015927312977782035,0.25283825515621733,163.24243003845214,176.54379526424128,149.941064812663
2023-11-27,170.16079704923322,171.92482604562844,169.35747197880872,169.9600051879883,169695000,159.00095143127442,143.2756627292633,-0.0035186615248099518,0.015430334269103303,0.24494896273586966,164.25607486724854,176.23174815032888,152.2804015841682
2023-11-28,169.4639113758409,171.3090320037784,168.9248699982596,170.94349822998046,141396300,159.25341339111327,143.58326941108703,0.0057866145679648096,0.015285533224625178,0.24265031741624055,165.15513885498046,176.22652143607243,154.0837562738885
2023-11-29,171.41827788036952,172.0154483915448,168.26477664304383,168.77884063720705,152171800,159.45761000061037,143.86893772697448,-0.012663000436911376,0.015525194299907999,0.2464548190410846,165.9533558654785,175.47154380785892,156.43516792309808
2023-11-30,168.4725633505067,169.4850091430544,165.33584962400698,167.29523849487305,219616100,159.69801625061035,144.1474098033905,-0.008790214085680481,0.015214221537315319,0.24151827947507482,166.46994674682617,175.00439617022548,157.93549732342686
2023-12-01,166.87276910664917,167.72991000316134,165.2232161467104,166.97922897338867,175790300,159.991645111084,144.42065928077696,-0.0018889331479332583,0.015231714882691375,0.24179597772385647,166.91940311431887,174.46276970334895,159.37603652528878
2023-12-04,164.39528301045638,165.17025484557874,162.10019589645657,164.48277282714844,198967700,160.22200688171387,144.69319325447083,-0.014950698728151912,0.015215601920056419,0.24154019237175703,167.18726932525635,173.90006459815217,160.47447405236053
2023-12-05,164.04547900257302,167.1976670010069,163.0832814707779,165.70220947265625,191594700,160.450729095459,144.97490405082704,0.007413765129004046,0.015163091188750068,0.24070661035456462,167.45359394073486,173.40837584361708,161.49881203785264
2023-12-06,166.9529697819657,167.22086223739416,164.26742985913887,164.48588485717772,157427200,160.71223797607422,145.26153223609924,-0.007340424846171034,0.015244126687442757,0.24199300901601836,167.5669319152832,173.17863034838183,161.95523348218455
2023-12-07,166.21103800167353,169.6480376484431,165.9231751875006,168.62820205688476,207569700,161.06032379150392,145.5685904903412,0.025183420469809814,0.01305158646747591,0.20718751204678357,167.86296169281007,172.99989883050665,162.7260245551135
2023-12-08,167.07537096638188,170.42859063271084,166.90313991706398,169.8919204711914,176243900,161.40149255371094,145.88241974830626,0.007494110705636103,0.011582105206512422,0.1838602202101096,168.25143604278566,172.68784872467322,163.8150233608981
2023-12-11,167.95745427855024,168.65160207546052,165.11228253645905,167.39198303222656,218088500,161.7061572418213,146.19274394035338,-0.014714869500746852,0.011592846704355859,0.184030736202122,168.3267348098755,172.6436137543222,164.0098558654288
2023-12-12,166.9771075075814,169.89578526095224,166.4268936159778,169.69298934936523,178186500,161.9970612335205,146.51264351844787,0.013746215771251569,0.011245290962117885,0.17851345983795713,168.5460034561157,172.6578184992484,164.434188412983
2023-12-13,169.9886137292621,172.12035551461798,169.06706085068177,171.0596923828125,227830500,162.3712106628418,146.83396140098571,0.008053974643781547,0.01124161303210661,0.17845507450906112,168.6857149505615,172.9446474029747,164.4267824981483
2023-12-14,171.28129872406703,171.96318967550488,167.95662493591345,170.16648864746094,235326100,162.68382518005373,147.15701300621032,-0.005221590913145557,0.010451613794471064,0.16591422539677547,168.81359825134277,173.08994230390522,164.53725419878032
2023-12-15,169.8961269483478,172.3158148818727,169.4516960749367,171.09183197021486,399661700,163.01970080566406,147.481576921463,0.005437870465030192,0.01043974551977439,0.1657258223767427,168.93210060119628,173.32743007754283,164.53677112484974
2023-12-18,171.51527478548695,175.68712551686593,170.92261421630306,174.41663208007813,233623600,163.34822067260743,147.80237419891355,0.019432839496639875,0.010852044212107963,0.1722708612114933,169.20220867156985,174.2363867845419,164.1680305585978
2023-12-19,174.97779375520804,177.146289477368,174.2539529673672,176.05160217285157,165581600,163.6856067199707,148.12893690872193,0.009373934545547247,0.01087837820958504,0.17268890046159657,169.46047336578368,175.32065112161484,163.60029560995252
2023-12-20,175.92616807800397,178.59497075913117,174.8282894848464,175.30654830932616,213679000,163.9982703399658,148.4561688079834,-0.004232019784710106,0.01084228292718653,0.17211590561722195,169.73379253387452,176.1518813625814,163.31570370516764
2023-12-21,176.8221165687465,178.10178236616505,175.1423101966907,177.03266983032228,153128100,164.29988847351072,148.78923778915404,0.009846303732764072,0.010921742545520054,0.17337728795351762,169.99591938018798,177.15328172016203,162.83855704021394
2023-12-22,177.52977764011126,178.29425769267618,175.83449187416704,176.71158828735352,131995700,164.61214701843264,149.13117652130128,-0.0018136852552497196,0.010890126528562607,0.17287539924362277,170.30349136352538,178.0660474149981,162.54093531205265
2023-12-26,177.1309371651772,177.92223481242542,176.42629845006925,176.9807243347168,101010400,164.99339685058595,149.48237277030944,0.0015230243243902208,0.01019506038819196,0.16184156633064933,170.6545273208618,178.96716824240733,162.34188639931628
2023-12-27,177.1605775607558,178.33726023482262,176.2687930675632,177.36494140625,137971900,165.3372590332031,149.82992441940306,0.0021709543396746245,0.010138211359542251,0.16093911597815302,170.97559947967528,179.81462064562942,162.13657831372115
2023-12-28,178.0924329883594,178.79212497389557,177.10969390890406,177.50163650512695,106056400,165.68266258239746,150.15765197372437,0.0007706996534555532,0.009708742788087085,0.15412151376222177,171.4117392730713,180.64632476259533,162.17715378354728
2023-12-29,177.5199405474762,178.15864344300158,174.919775785617,175.96287155151367,143621400,166.05445982360837,150.4692726573944,-0.008669018404057538,0.009843824517830894,0.1562658697436451,171.84512092590333,181.07982990025423,162.61041195155244
2024-01-02,173.99719562751778,174.9921023473233,169.6458115721361,172.01129302978515,223075500,166.34272750854493,150.74257210731506,-0.022456888131492492,0.010730666674564904,0.17034405253696325,172.09672412872314,181.0429248746525,163.15052338279378
2024-01-03,171.11934644107097,173.03182954407163,170.36798145874826,171.26789245605468,181940200,166.6645542602539,151.0226807861328,-0.0043218126010002855,0.010767427519722254,0.17092761286258865,172.43598011016846,180.6511999660938,164.22076025424312
2024-01-04,170.23821166705375,171.80682907402533,168.92226434592658,170.13744888305663,203626000,166.93058415222168,151.29406978225708,-0.006600440729356838,0.010651650305903574,0.16908970657107558,172.65774208068848,180.3290521102749,164.98643205110207
2024-01-05,170.25943229445306,172.22345203486526,169.3122181985313,170.94109649658202,170280400,167.19682612609864,151.55668732261657,0.00472351982941599,0.010623937202502454,0.1686497746931325,172.9805026626587,179.68661726717278,166.2743880581446
2024-01-08,172.07322355176117,174.91251891018592,171.30292359525765,174.74334259033202,177953800,167.68190852355957,151.84670492362977,0.022243019213498583,0.011182557135818349,0.17751759121887656,173.28625968933105,179.7084614602037,166.8640579184584
2024-01-09,173.5602214461398,176.10278168072813,172.99111870953124,175.2299072265625,160145900,168.2611916503906,152.12877942848206,0.0027844530670972922,0.0110907385080793,0.1760600156905521,173.55315902709964,179.8232841987488,167.28303385545047
2024-01-10,175.75472610803706,179.66578383812856,175.22699470750248,178.6809341430664,178076100,168.84106816101072,152.42503316307068,0.019694280337898773,0.011567015566322503,0.18362067959821374,174.1176065826416,180.0772197467864,168.1579934184968
2024-01-11,179.86485558170415,181.0805327337897,176.3423151437965,178.9322708129883,219348200,169.36046920776369,152.7307368144989,0.001406622766593868,0.011541711902451453,0.18321899638704434,174.57957065582278,180.52743601295884,168.6317052986867
2024-01-12,179.44670546011548,181.22057607414104,178.50958321113723,179.95186080932618,169094500,169.90321641540527,153.0469283428192,0.005698189553540622,0.011242917739809618,0.17847578610175585,175.02417907714843,181.18961177083466,168.8587463834622
2024-01-16,178.65253774547563,180.2963291416784,176.51311793637026,177.5646194458008,191755000,170.3152403869629,153.33927039527893,-0.013265999877905554,0.01142205422247357,0.18131948960496175,175.39408561706543,181.21021066852114,169.57796056560971
2024-01-17,176.37385968224316,177.4088841130861,173.6726022342197,177.0469078063965,164910200,170.69637651062013,153.62309835243224,-0.0029156238501799603,0.011435795090751141,0.18153761912652505,175.6918394088745,181.18114027039312,170.20253854735589
2024-01-18,178.65967915477927,181.06889368871484,178.25924965546525,180.61566314697265,198500700,171.1261808013916,153.91340141105653,0.02015711759551686,0.011435965348589898,0.1815403218859257,176.00179096221922,181.87457387500382,170.12900804943462
2024-01-19,181.63154328494616,183.9496311993764,180.8590063434783,183.5400360107422,233221300,171.5894671783447,154.21593339729307,0.016191136542736517,0.011657965257377558,0.18506446118431275,176.37621265411377,183.14835879774697,169.60406651048058
2024-01-22,185.1223695539994,186.52908253914035,182.76871809936733,183.5355346679688,205825300,172.01579536437987,154.51559625816344,-2.452512743944535e-05,0.011499269207277106,0.1825452394886285,176.7876619720459,184.25083788933566,169.32448605475614
2024-01-23,184.44139573226903,185.99727078788808,183.22981201363984,185.0535415649414,272543800,172.46271406555178,154.83143610954284,0.008270915491753739,0.010804481693604569,0.17151582963736595,177.18870555877686,185.51897051435873,168.858440603195
2024-01-24,187.61622724194487,189.9207767161288,186.6042137737169,187.56121520996092,407438600,172.9714897003174,155.14978179740905,0.013551070808009769,0.010943966756412238,0.17373008636414985,177.73118690490725,187.25781261723967,168.20456119257483
2024-01-25,188.02751469513936,190.42146816172345,186.0623505019244,189.13393325805663,237219900,173.43644821166993,155.4818013973236,0.008385092015612994,0.010428813625680178,0.1655522839379496,178.3388473510742,189.13034735818923,167.5473473439592
2024-01-26,189.36313309483776,191.04520523958803,188.16854861764523,189.4841323852539,262626600,173.91997853088378,155.82108144950865,0.001851593318896727,0.010275648052192663,0.16312085583676228,178.9448069000244,190.81332687268082,167.07628692736796
2024-01-29,189.60834345722296,192.0935789347796,188.3675747372143,191.50764236450195,207996700,174.3848221282959,156.17453056144714,0.010679047125349284,0.010324755596993376,0.16390041394300017,179.64510719299318,192.74413949339862,166.54607489258774
2024-01-30,191.43861265828144,192.59693604864503,189.0656383303467,189.4714225769043,217831300,174.82207412719725,156.49728671073913,-0.010632577177896896,0.010533350496400576,0.1672117553145281,180.3205347442627,194.00033653874846,166.64073294977692
2024-01-31,185.1296025354565,187.5876678883417,183.02456007734628,183.8016395568848,246419000,175.12367121887203,156.79012870216368,-0.029924212015235208,0.01217597046462862,0.19328753892164943,180.91005207061767,194.08917927343637,167.73092486779896
2024-02-01,185.0658079841396,188.02725673052888,184.4786104822157,186.30091094970703,243361400,175.46940002441406,157.10128606986999,0.013597655596802927,0.011939858338092706,0.18953937511160557,181.66170299530032,194.22577169476708,169.09763429583356
2024-02-02,199.30457225771903,207.39582566313447,196.91674993653837,204.6814598083496,407305200,176.1453030548096,157.50588503074647,0.09866054204965469,0.02126143312816495,0.33751478744372726,183.38890354156496,198.5181814816969,168.25962560143302
2024-02-05,203.84538648116376,205.3235071713212,200.66385042972485,201.86255950927733,245518900,176.7857509460449,157.8967922229767,-0.013772133058420066,0.02147830523657622,0.340957525434702,184.9349766921997,200.99914219409504,168.87081119030438
2024-02-06,202.65919620424387,204.21043730331047,199.63003798733607,200.9811653137207,165182700,177.36957159423827,158.28602932167053,-0.004366308431337007,0.021522755754466955,0.3416631555306235,186.24686782836915,203.0739281751421,169.4198074815962
2024-02-07,202.13807136998105,205.54061007758247,201.0403789971069,204.57837371826173,192624000,178.0499360961914,158.69150272941587,0.017898236379145116,0.02162548383549661,0.34329391326102765,187.7142911529541,205.5826187488922,169.845963557016
2024-02-08,204.22927188927096,205.22665700197035,202.77960758426588,204.36411209106444,156412400,178.73801823425293,159.09579013252258,-0.0010473327326981918,0.02164526898805259,0.3436079928209152,188.998450050354,207.80046612107577,170.19643397963222
2024-02-09,205.55523475781263,207.33392918880173,204.03997775934795,205.73201217651368,177940800,179.4337885131836,159.52002933692933,0.006693445690893585,0.021640457500846432,0.343531612829412,190.33843711853027,209.92346319067417,170.75341104638636
2024-02-12,205.5986673081139,208.2811960423752,204.0300108503704,204.7695335388184,169863400,180.1536023712158,159.93550222206116,-0.004678312468307078,0.021701482829061258,0.3445003598822072,191.5793207550049,211.5348115026423,171.62383000736747
2024-02-13,200.5332690119521,203.96211575751485,199.0578395278941,201.33266067504883,196743900,180.83435081481935,160.29117851066587,-0.016784102617091845,0.02192706081082991,0.3480812993282774,192.76772281646728,212.02783950063252,173.50760613230204
2024-02-14,203.49027746960965,205.52306632014748,201.9173281393468,204.8863098144531,193350600,181.5924924316406,160.66583973884582,0.01765063416680257,0.021429777609132283,0.3401871732311061,194.1596929168701,212.6443207311546,175.67506510258562
2024-02-15,204.5807009551342,207.83984600439624,202.37850552882583,206.37712860107425,229301700,182.43037954711912,161.04933046531676,0.007276322112352185,0.02134045593941677,0.33876923568256834,195.44776618957522,213.54475226011704,177.3507801190334
2024-02-16,205.0186924896212,205.84661939864225,201.6409243793596,203.25483322143555,195910700,183.1814320220947,161.42308475494386,-0.015129076563876742,0.0215757675229768,0.34250469126684413,196.43350605010988,213.93750194970949,178.92951015051028
2024-02-20,201.85699522861893,204.03519393479388,200.21477342087297,202.2518859863281,170048100,183.93675204467775,161.79480167388917,-0.00493443240296676,0.021669825785717158,0.34399781989861467,197.36932361602783,213.94662377794378,180.79202345411187
2024-02-21,201.79007623410223,203.0228703843871,199.96643483747027,202.3134017944336,144642600,184.61045603942873,162.17215145492554,0.0003041544349784431,0.021466432052392747,0.3407690444789824,198.23231662750246,213.8811132240729,182.58352003093202
2024-02-22,206.5257962116334,209.26802478646104,204.72986902364784,208.11392517089843,191768300,185.37489613342288,162.56885191726687,0.02867097940629071,0.02188594226186653,0.3474285625993038,199.25995212554932,214.65548157562355,183.86442267547508
2024-02-23,208.43669401158468,210.30867775211527,206.4611615313733,207.2895072937012,168392000,186.17284661865236,162.95781955337523,-0.003961377771911301,0.021800475624655483,0.3460718217945834,200.16773082733155,215.18570117266935,185.14976048199375
2024-02-26,206.90447050694172,207.87407967942605,204.7858952237825,205.33013305664065,174916200,186.8855894927979,163.3381265563965,-0.00945235609192896,0.02195495038662055,0.34852403261855613,200.96003086090087,215.2595975999067,186.66046412189505
2024-02-27,205.0753914404445,207.6378825323505,204.27716477527855,206.97593536376957,174263400,187.603914352417,163.71693199920654,0.008015395902339018,0.02196221561443457,0.34863936453464095,201.73344551086424,215.54532976564775,187.92156125608074
2024-02-28,206.01390726168384,207.7257753239508,204.4539353302889,205.4605781555176,153230500,188.30979614257814,164.07759085845947,-0.00732141736955394,0.021819023623760196,0.3463662621522769,202.53290328979494,215.1561929868323,189.90961359275758
2024-02-29,206.6111404776437,208.67526207272255,204.72258543959575,207.8005874633789,286074000,189.0439712524414,164.4543130722046,0.011389091420204611,0.021794171822425205,0.34597175203649067,203.73285068511962,212.9665547793338,194.49914659090544
2024-03-01,207.88570001967656,211.37967645278655,206.96347297308336,210.35730438232423,195672000,189.7627846984863,164.83975999832154,0.012303703998892246,0.021659715158995098,0.34383731867518125,204.9356703567505,209.8788526743898,199.9924880391112
2024-03-04,209.41486873777404,210.4240587037967,206.76253421649864,207.69100799560547,217418100,190.3955728149414,165.2069573173523,-0.012675083446937352,0.021800474902747773,0.34607181033465373,205.0861477661133,210.17774844002724,199.99454709219935
2024-03-05,205.66392616498328,206.31782041769665,202.7006660801556,203.9518814086914,226376800,190.9684794769287,165.54717446136476,-0.01800331474626571,0.02216887666717773,0.35192000704208815,205.19061386108396,210.08567395699703,200.2955537651709
2024-03-06,206.0703010603982,207.53884080060277,203.84275087134748,204.5283241271973,172451100,191.5183925628662,165.87587554931642,0.002826366270928249,0.022152874614510886,0.35166598233115,205.36797180175782,209.86142240911636,200.87452119439928
2024-03-07,206.53251234527707,211.41289383943803,205.5005712756867,209.16621170043945,189581000,192.1674850311279,166.23141857910156,0.0226760161118702,0.02235636591386612,0.3548963065635061,205.5973637008667,210.38019407937688,200.81453332235654
2024-03-08,209.4483571118757,213.6334765740461,205.8813199955772,208.107266998291,199899700,192.7900158843994,166.57916483306886,-0.005062694847029259,0.022397560652150244,0.35555025276045116,205.78452144622807,210.65627915641124,200.9127637360449
2024-03-11,206.77143170090784,207.79660480064624,201.7065976881293,203.76457748413085,166499400,193.31800860595703,166.91255243301393,-0.02086755343433455,0.0228324601438481,0.3624540681624967,205.68614971160892,210.64111503753003,200.7311843856878
2024-03-12,205.92820400029015,209.3164052806071,203.43041044876492,208.11770935058595,167663600,193.9303300628662,167.2639815635681,0.02136353590110196,0.02304408397262753,0.36581349229717086,205.85355850219725,210.90346250475508,200.8036544996394
2024-03-13,207.4089270661396,209.38824809398392,205.9514347237032,207.33026885986328,140620200,194.5576780090332,167.60667267227174,-0.0037836303944522864,0.02293780597125543,0.3641263813283655,206.15343891143797,210.76636949465447,201.54050832822148
2024-03-14,209.22687355345505,210.67948702102453,206.1155188134764,208.12349624633788,203197700,195.27992207336425,167.93344712829588,0.0038259121103574323,0.022065606311740055,0.35028064097232814,206.31529823303225,210.9680258233502,201.66257064271431
2024-03-15,206.85953171034097,208.09835655603047,203.73708764601145,205.1263740539551,339245100,195.95709170532223,168.2408891448975,-0.014400691159038304,0.022253473011791067,0.35326293238012024,206.25276050567626,210.93551498081223,201.5700060305403
2024-03-18,209.16043924225824,211.83285458769905,207.09197660758383,209.44822616577147,221325900,196.74330725097659,168.56945794677733,0.021069217119196848,0.01365213682709568,0.21672095345472947,206.56243015289306,211.22954753164612,201.89531277414
2024-03-19,207.8114544720707,210.55029322626865,205.48142326073636,209.97061080932616,138495600,197.52389753723145,168.8862032394409,0.002494099153369067,0.013371197730618116,0.21226118355772056,206.94836639404298,211.38553940844716,202.5111933796388
2024-03-20,210.77024678383611,213.91878648606797,209.20508936023225,213.2511299133301,142787900,198.2940532836914,169.21634871673584,0.015623706057525277,0.013570551921610614,0.2154258332308283,207.49525279998778,212.2143212189633,202.77618438101226
2024-03-21,215.32494770576653,216.01593477798076,211.32745820039253,211.9256446838379,198550700,199.0279680328369,169.53974071502685,-0.0062156070639854955,0.013312139041036744,0.21132365592538255,207.68583877563478,212.80134232112854,202.570335230141
2024-03-22,212.1022191189526,213.83359010836307,210.94743715385283,213.3446327209473,157844900,199.72124200439453,169.86868688583374,0.006695688193971483,0.013340848485600998,0.21177940422895739,207.9885950469971,213.68866765159012,202.28852244240406
2024-03-25,211.9160927902655,213.20509615021788,209.92506649491725,211.7791160583496,129746700,200.37817890930174,170.20872037887574,-0.007337970693855667,0.013399065058315963,0.21270356367047524,208.31104419708254,214.10673391779682,202.51535447636826
2024-03-26,212.1018932879318,213.99656584552568,209.44358546060704,210.01206436157227,148446900,200.9793829803467,170.53261494827268,-0.008343843008063456,0.013469653128300844,0.21382411454272335,208.46285064697267,214.27033478199255,202.6553665119528
2024-03-27,211.23924718894173,212.14931001006556,207.6215416774393,210.35315322875977,152697800,201.63515365600585,170.857129989624,0.0016241393951552663,0.013047522867216948,0.2071230043925068,208.70747940063475,214.39338776380595,203.02157103746356
2024-03-28,209.93548707576377,210.4614738061113,207.58041379445,208.34696350097656,180510500,202.26115476989744,171.15785177993777,-0.009537245803020955,0.012832647698703162,0.20371196683964338,208.73479820251464,214.40759521953746,203.06200118549182
2024-04-01,208.65870787869488,212.28399658206956,207.01308769258443,210.3653594970703,137551800,202.8561486968994,171.46741683959962,0.009687666967530761,0.012883115353157278,0.20451311601727337,208.73520095825197,214.40848412670996,203.06191778979397
2024-04-02,208.09750709919143,211.27630671706655,207.32483937225152,211.08152084350587,137900000,203.40697839355468,171.77780687332154,0.0034043691801146636,0.012536702152512768,0.1990139769386216,208.90472660064697,214.64881781203013,203.1606353892638
2024-04-03,211.00360256087515,214.26591427017416,210.7090022299024,213.83268203735352,144854500,204.0129213409424,172.08898580932615,0.013033643034471742,0.012655456415806003,0.2008991424254371,209.39876663208005,215.04811371125723,203.74941955290288
2024-04-04,215.9782370352083,219.56122166926,212.79241380780255,212.88689498901368,187172700,204.5695884094238,172.40182824325564,-0.0044230238302610525,0.012705788884335921,0.20169814559305,209.81669517517088,215.17834015837786,204.4550501919639
2024-04-05,214.74975119360187,219.3620899377981,213.92587406990984,218.0786445617676,160989300,205.17993699645996,172.73710428619387,0.02438736105865913,0.012413851998132181,0.19706379119652004,210.26231681823728,216.75789395865252,203.76673967782204
2024-04-08,218.78023437198644,219.8756381192881,215.94618810695928,216.5849021911621,132066400,205.72895637512207,173.0731115913391,-0.006849558211475482,0.012469818862540474,0.19795223762582653,210.68619857788084,217.6771974898194,203.69519966594228
2024-04-09,217.95257747177948,219.4568055412623,213.69796683486447,216.59872589111328,142273200,206.27124824523926,173.3952848854065,6.38257783036611e-05,0.012300487804534145,0.19526419041348134,211.32790599822997,217.9922681682803,204.66354382817963
2024-04-10,214.1155822556069,217.76720897487445,212.7333908814988,216.77832946777343,147907600,206.7766619873047,173.7163263664246,0.0008291995990339363,0.012246243918849778,0.19440309542348141,211.76093700408933,218.6680899909677,204.85378401721096
2024-04-11,217.57031825560708,220.82389945435057,216.2983977062973,220.346891784668,195253900,207.39417137145995,174.07353303146363,0.016461803749738158,0.012416363566285823,0.19710366110493202,212.41176815032958,219.98224817399245,204.8412881266667
2024-04-12,218.55543039153832,220.52801114586208,215.9990878268076,217.3767936706543,207210900,208.06567445373537,174.40268741607667,-0.013479192240733795,0.012624519990443636,0.2004080418976643,212.87443302154543,220.47240815110925,205.2764578919816
2024-04-15,218.7278914925901,219.66539753734145,212.0489151054448,212.91462173461915,193087600,208.5979486694336,174.70713317489623,-0.020527361088947482,0.013077705296343892,0.20760213560110918,213.2638454055786,219.93112893827706,206.59656187288013
2024-04-16,212.11248156311,214.731154547383,210.87310420097,212.22281799316409,172420900,208.74877583312988,175.01387899780272,-0.0032492072917252868,0.012862071600214818,0.20417905679564996,213.40257499694826,219.8473207311902,206.95782926270633
2024-04-17,213.4393936447073,213.9982984391236,208.58655884648624,210.5686180114746,149339700,208.92289700317383,175.2983604736328,-0.007794637717715935,0.01247672688772064,0.19806189912589028,213.4324753570557,219.81543135235398,207.0495193617574
2024-04-18,211.67545880922063,214.9388266567662,210.38792366210464,211.5241851806641,193222400,209.1337574005127,175.58990537643433,0.004538032201633291,0.012488613406104066,0.19825059175547194,213.34612812042238,219.78588412596636,206.9063721148784
2024-04-19,210.64632906443305,210.9900153899513,202.70955187945887,204.60078201293945,346478100,209.13420556640622,175.83723730850218,-0.032731023933794234,0.013274833642131726,0.2107314510770061,212.97988498687747,220.50199691583168,205.45777305792325
2024-04-22,206.8370584258585,208.84016255474825,202.75367925708684,205.8429336547852,215735600,209.16378199768067,176.09701510620118,0.0060710991894801225,0.013302819333349179,0.21117571015238384,212.60480003356935,220.77089884259084,204.43870122454786
2024-04-23,207.9764513715469,211.024723954417,206.860303681422,210.21967010498048,172570100,209.25353515625,176.38051411056517,0.021262505214463268,0.013278139305179033,0.21078392685105418,212.52682773590087,220.75566091428652,204.2979945575152
2024-04-24,212.3789224796612,213.8497795489116,206.3816495204177,209.2532485961914,196541700,209.34320945739745,176.66297492218018,-0.0045971982940818945,0.012749121113357475,0.20238602340352077,212.4888869476318,220.77334988173308,204.20442401353054
2024-04-25,192.01528713876573,199.273714987314,189.5357740921551,198.078800201416,277879100,209.27813224792482,176.88375196075438,-0.05340155275839675,0.01607612938855327,0.2552006424396529,211.87516929626463,222.3538172947264,201.39652129780285
2024-04-26,202.4262539998632,204.46826565450695,199.0342879712815,202.6193817138672,229440900,209.2327936859131,177.11044447326663,0.022923106904091384,0.016657532521783654,0.26443013105166097,211.5887902069092,222.76339403965687,200.41418637416155
2024-04-29,202.69735874730085,203.5255647387933,198.9289616674127,200.41847457885743,214434900,209.11362060546878,177.31165218353271,-0.010862273472524109,0.0165698929710878,0.26303889631473293,211.09144596099856,223.33006519804184,198.85282672395527
2024-04-30,200.00270108858177,202.90397277301463,197.01340622896788,197.26879653930663,246182000,208.9938998718262,177.50105600357057,-0.015715507495849712,0.01626632301435917,0.2582198726486454,210.4008097457886,224.11211146011524,196.68950803146194
2024-05-01,198.38217566420124,204.7490656807969,196.66617811388443,199.88914108276367,233598300,208.94664497375487,177.69964528274537,0.013283117195551641,0.016483846887598727,0.26167295708551386,209.70363269805907,224.0819448658174,195.32532053030073
2024-05-02,201.09525711343983,203.7137989917113,199.0989173416311,203.0804931640625,218716200,208.96198680114748,177.9121677932739,0.01596561005771413,0.016496212080792074,0.261869248442131,209.21331260681154,223.80184365659838,194.6247815570247
2024-05-03,207.27517547255303,209.51896962012952,204.84899703470737,207.8714614868164,286622600,208.95713752746582,178.14227736282348,0.023591474730580986,0.017089041994396176,0.27128013156906916,208.70295345306394,222.68728307285224,194.71862383327564
2024-05-06,208.49275934185272,211.89603763059048,207.05599726401184,211.282893371582,187123900,209.03700524902342,178.41696760559083,0.016411256554242915,0.017320616627990504,0.27495626491171815,208.43785301208496,221.98731340175,194.88839262241993
2024-05-07,211.8575722405988,214.228855827461,210.00557557310063,212.7437576293945,188942200,209.18527774047848,178.70845605468753,0.0069142571577875955,0.01731288729381295,0.27483356553551463,208.24510459899903,221.40997287509862,195.08023632289945
2024-05-08,211.0956244328841,214.29239540530256,210.45797636763456,213.22259368896485,133385500,209.31021090698243,179.00378268814086,0.002250764322798471,0.01723842504821999,0.2736515140321003,208.0673178100586,220.83708187321906,195.29755374689813
2024-05-09,212.94795192592463,215.41711145120823,211.6882023509133,214.6112030029297,137789800,209.49322340393067,179.3014256591797,0.006512486739517209,0.017271011556332688,0.27416880881147343,207.78053337097168,219.61231254684293,195.94875419510043
2024-05-10,214.7451192278244,215.47023891664065,211.62165841207212,213.82634811401368,151987200,209.61373861694335,179.5847056541443,-0.003657101204103008,0.017182625342493138,0.2727657211645973,207.60301109313963,218.92407319415662,196.28194899212264
2024-05-13,212.91853438312785,214.50132557248895,210.06387667727284,212.8715492248535,163801800,209.66402351379395,179.8521788482666,-0.004465300453296184,0.017130371942542234,0.2719362241560312,207.6008574676514,218.9176806910256,196.2840342442772
2024-05-14,211.74146647366743,214.9159157137163,210.445745902532,214.14003677368163,154621500,209.7930040893555,180.10141230010984,0.0059589341715562405,0.01715144580519029,0.2722707613544129,207.69671840667723,219.2091773591854,196.18425945416908
2024-05-15,214.7914958785896,217.4864197998236,213.073715090924,216.72646408081056,242614800,210.04849574279785,180.3668540878296,0.012078205206728532,0.017128478936776,0.271906173621104,208.00461071014405,220.15231505529277,195.85690636499533
2024-05-16,215.69920848626745,217.11383022536728,214.4124677586364,214.90110702514647,166719800,210.25595140075686,180.6231097450256,-0.008422400390307061,0.017184327336392816,0.27279273948014626,208.17345680236818,220.61740270713443,195.72951089760193
2024-05-17,214.5153792197156,216.06146486333023,213.7472014291732,215.4433380126953,147572200,210.38149392700197,180.90089457321167,0.002523165166782526,0.01658776400427945,0.2633225901717143,208.71558460235596,221.44561637652893,195.985552828183
2024-05-20,214.88740826935137,217.50156902928296,213.9955276160493,215.3990692138672,147751600,210.5273299713135,181.18005729293822,-0.00020547768724932247,0.016541183304745393,0.26258314449053904,209.19339138031006,222.18412471205932,196.2026580485608
2024-05-21,214.734720501406,216.49162810003463,213.16247895980723,215.1257553100586,151082100,210.75455352783203,181.4589521789551,-0.0012688722602474112,0.016542659397778065,0.26260657674099774,209.43869564056394,222.6936227048771,196.18376857625077
2024-05-22,215.58932604604487,217.2696571902242,213.9071454795876,214.96515502929688,112517900,210.89150244140626,181.72740951919556,-0.0007465413917093766,0.01654213058834439,0.262598182151483,209.72429096221921,223.20658542214943,196.241996502289
2024-05-23,216.27250886932907,217.0311437731956,211.38282295241584,212.6994659423828,140587900,210.99888638305666,181.9901399269104,-0.010539796957350078,0.016340697389324907,0.2594005292490966,210.45532424926756,222.81795274947726,198.09269574905787
2024-05-24,213.92658695732408,217.2671439065452,212.9407915202558,216.2274963378906,118555300,211.1609663848877,182.2842100105286,0.016586926440443017,0.016473317656269176,0.26150581071994583,211.13572998046874,223.17619864886046,199.095261312077
2024-05-28,215.9403856235309,218.1590386030832,214.9336296751092,217.1709518432617,139050100,211.40185794067384,182.58184145736695,0.004363254078920464,0.016026840555026945,0.25441820646411417,211.97335384368898,223.17629774437418,200.77040994300378
2024-05-29,215.67298204699227,218.3829843087683,215.28733203567157,216.1151138305664,154651200,211.53519569396974,182.8793063545227,-0.004861782866141917,0.016043536146778732,0.2546832407667119,212.91566970825198,221.8519854296913,203.97935398681267
2024-05-30,215.3720808744221,215.7346610280518,212.52469564814697,213.4334976196289,136613900,211.6044534301758,183.15268333053587,-0.01240827706774772,0.01614984976276214,0.2563709170999446,213.59288753509523,220.09356728438055,207.0922077858099
2024-05-31,212.88880621041716,214.2822113577542,208.65718999350037,212.96053161621091,229330900,211.5986414642334,183.43472183990477,-0.002215987690277532,0.016139820875801597,0.2562117134549984,214.08688945770263,218.33543490088854,209.8383440145167
2024-06-03,214.22041886763864,216.99318171880395,212.6371633681221,215.7833137512207,142840600,211.67579484558107,183.7438246116638,0.013254954397357022,0.015035264861728988,0.23867743032073704,214.48248207092283,217.62320265629464,211.34176148555102
2024-06-04,215.68857896238904,216.77603908823312,213.95980378507863,216.0269798278809,138720100,211.72944178771974,184.06692069625853,0.001129216492342433,0.01501489041494544,0.23835399600499832,214.71968639373782,217.54354658071594,211.8958262067597
2024-06-05,218.1937527147716,221.8221972478372,217.34465541071063,220.9935653686524,150858200,211.91373077392578,184.4192325820923,0.02299057990223563,0.015095540408520432,0.23963427496242865,215.1321767807007,218.96916248668003,211.29519107472134
2024-06-06,220.62890376215984,223.90041570960085,219.81858640188972,221.4309066772461,131138300,212.14210762023924,184.7630749320984,0.0019789775682570454,0.015047428179816615,0.23887051700940046,215.54259243011475,220.1899539301531,210.8952309300764
2024-06-07,221.95154198238524,223.4610094245349,219.6765778988502,221.01897277832032,128933500,212.35542401123047,185.10500294876098,-0.0018603270207722122,0.010865217283847418,0.17247997724244574,215.86298091888426,221.0876316422512,210.6383301955173
2024-06-10,221.2850722515083,224.2316071849632,219.65206504489436,222.94519958496093,187047400,212.64738873291017,185.44018010711667,0.008715210203119605,0.010293774614546733,0.16340860609344252,216.31892349243168,222.32791513312944,210.30993185173392
2024-06-11,222.7307008220592,227.33700994557324,221.35798873758887,227.12480926513672,252526700,212.9825777282715,185.8166585464477,0.018747251288462996,0.010314223913463361,0.16373322864995665,217.0315864944458,224.51824711547275,209.54492587341886
2024-06-12,229.01588941560996,232.1274516015133,225.9103856532507,228.76357727050785,292910400,213.33621885681154,186.1979397163391,0.0072152752078180615,0.009610863833647898,0.15256773353002312,217.76276351928715,226.76362973967653,208.76189729889776
2024-06-13,227.8592771038463,229.6472776229496,225.4135852742608,226.9857162475586,187088100,213.5992795410156,186.5628553733826,-0.007771608768151861,0.00975239256513333,0.15481443249130844,218.27572612762452,228.15446878316195,208.3969834720871
2024-06-14,226.41922432754967,228.6759148224847,225.304786020804,227.36188354492188,168357000,213.8887793121338,186.91162826919557,0.001657228937494093,0.00950864272767686,0.150945023779175,218.89876495361332,229.43149137737305,208.3660385298536
2024-06-17,226.54475001549525,230.7958686645929,224.8234878667224,228.97857208251952,196527300,214.10677786254885,187.2659386367798,0.00711064014948759,0.008774412647191119,0.13928948259076576,219.5755266571045,230.88420480085588,208.2668485133531
2024-06-18,228.6620738779376,229.54214865624445,224.77419570596743,226.61005554199215,180970800,214.30728092956542,187.60427850723266,-0.010343834879334435,0.008751904525113865,0.13893217722979279,220.13607597351074,231.68202031126285,208.59013163575864
2024-06-20,227.03515396445567,228.6904995561159,224.71557379359243,226.9006896972656,188711600,214.5133202056885,187.94179262924195,0.0012825298267471474,0.008711465530658012,0.13829022809419456,220.7248226928711,232.3952186838036,209.0544267019386
2024-06-21,227.9521783947106,229.38176465406167,224.53830206630784,226.49141540527344,437779800,214.7075819244385,188.27315041351318,-0.0018037595766597914,0.008741828845164197,0.13877223076917258,221.3011357116699,232.91218546957617,209.69008595376363
2024-06-24,227.547102750826,230.7296651898432,224.8430208185945,226.3146987915039,202323700,214.82693806457522,188.6147943458557,-0.0007802353720706146,0.008714845921280117,0.13834389013171663,221.98189735412598,233.05349807461843,210.91029663363352
2024-06-25,226.56131135370012,231.05160244397516,225.60617739124064,229.9953643798828,158815500,215.07930947875974,188.97759507751468,0.01626348446668846,0.00903703547922381,0.14345849080376172,222.6702907562256,233.94561490969585,211.39496660275535
2024-06-26,229.5309707009908,233.77783818811395,228.7599767014476,232.85355224609376,195496400,215.47808808898924,189.35339210510253,0.012427154233813464,0.00911580208981456,0.14470887198319324,223.45442077636716,235.2869391136428,211.6219024390915
2024-06-27,233.73585848849265,237.1783194646732,232.98487379554567,235.5848251342773,177188300,215.94532823181152,189.72644203567506,0.011729573639044144,0.009239667524669523,0.14667517480317188,224.42790634155273,236.9041416795109,211.95167100359456
2024-06-28,235.09027925688792,236.63331839559527,229.731951260436,230.0944625854492,238608600,216.33584512329105,190.0854055519104,-0.023305247040842914,0.01027163872603977,0.16305720975720925,225.26095458984372,236.83880620247444,213.683102977213
2024-07-01,230.75332364235757,233.28384516541936,227.68187002616293,232.33138885498047,150057200,216.75198919677734,190.4515159111023,0.009721773589838278,0.010167515169071113,0.16140429953303406,226.22949745178227,236.65871458633723,215.8002803172273
2024-07-02,231.2625304275106,235.5261927075707,230.3578800023169,235.11123809814453,152872200,217.36219831848146,190.8233472137451,0.011965017972234593,0.010308517811695617,0.16364264709255819,227.19589366912842,237.1191235944245,217.27266374383234
2024-07-03,234.3050544023317,235.9761527248,233.19921310396,235.14776763916012,99250400,217.94829499816896,191.21276166534423,0.00015537130981524427,0.01030489761261522,0.16358517821377852,228.15193305969237,237.1891924792723,219.11467364011244
2024-07-05,235.7130747935069,244.14570124256895,235.49957562441472,243.6349670410156,169183900,218.61660093688963,191.63933449935914,0.03609304688309556,0.011906904072640596,0.18901624236545503,229.28400314331057,240.05230686949494,218.5156994171262
2024-07-08,244.06405051995657,244.6286909253974,239.24002963689296,241.27434234619145,149114600,219.25702281188967,192.0528611602783,-0.009689186751369538,0.012145212319158341,0.192799268499426,230.27617492675782,241.6381776000209,218.91417225349474
2024-07-09,242.53662830895783,244.11595259071677,240.63289969545627,241.57980499267575,130611800,220.1270429077148,192.48438555526735,0.0012660386658354117,0.011847927056377144,0.1880800112568448,231.30421653747558,242.85857882630384,219.74985424864732
2024-07-10,242.01077121975104,244.94727285116213,240.7954888166136,243.72724609375,148966300,220.94920019531253,192.94153285598753,0.008889158185798607,0.011654892754930209,0.1850156867200428,232.34331886291503,244.45685581974288,220.22978190608717
2024-07-11,242.3509179541199,243.6925464706357,233.8739976466296,235.73153839111328,202425700,221.6554614715576,193.35536712646484,-0.03280596581131179,0.01345811020975828,0.21364087639151835,232.77365531921387,244.7169233499615,220.83038728846626
2024-07-12,232.88605222605764,236.4736642023449,231.64594409669516,233.2603530883789,159845900,222.37529260253908,193.75033839797973,-0.010483049148197976,0.01360712799742089,0.21600646043400012,232.9984941101074,244.79227429586012,221.20471392435468
2024-07-15,234.37174466197976,237.50362708271072,231.8925849247776,233.5996841430664,164415700,223.04950346374514,194.161284614563,0.001454730948464933,0.01331071835369543,0.21130110321300716,233.3291925048828,244.77897895057717,221.87940605918843
2024-07-16,235.62422178312,236.86758454156484,230.26189417617405,231.95812072753907,136452500,223.62705601501463,194.56495566177367,-0.00702725015039829,0.013405618336712815,0.21280759373993668,233.55900436401367,244.6843990950838,222.43360963294356
2024-07-17,228.13726286664777,228.7055066164077,221.70893430805756,223.49237060546875,194405700,223.93947419738768,194.91825010299684,-0.03649689045383453,0.015060672938466656,0.23908077103477893,233.28469429016113,245.13268121791495,221.4367073624073
2024-07-18,227.04762263791343,228.06085594012364,220.3247933747719,223.7277069091797,237419100,224.18837046813965,195.27609489440917,0.0010529947983162202,0.015060705826767525,0.2390812931203698,233.14057685852055,245.3936115532246,220.8875421638165
2024-07-19,223.9622303326636,227.8728766869316,222.40415786062505,223.61612854003903,224420600,224.40581788635257,195.61843658828732,-0.0004987239653153619,0.014492880034389758,0.2300673381125312,232.97634880065917,245.66193604907994,220.2907615522384
2024-07-22,227.1727691605438,229.17945239720103,225.1507630952028,226.6155212402344,176448100,224.6736764373779,195.9897530899048,0.013413132226991031,0.014682354391774047,0.2330751502893068,232.98255409240724,245.65489931817646,220.31020886663802
2024-07-23,227.5664740198334,230.5592167487411,226.4716669681549,227.78060913085935,157942200,224.93706455993652,196.35597732162478,0.005141253715758687,0.014692994929066316,0.23324406358225552,233.055849609375,245.58192411219255,220.52977510655745
2024-07-24,221.9221064745756,224.16995269424632,217.26011200051235,217.9874755859375,219426900,225.02028710937503,196.67442444610595,-0.042993710405330066,0.016670015435876546,0.26462829116962405,232.45545516967772,246.64045045078586,218.27045988856958
2024-07-25,218.9541649418269,219.9482105193416,211.34385187805083,214.92405166625977,204492900,225.06133715820314,196.9590915107727,-0.014053210678473205,0.01643031109411638,0.26082310271074505,231.55898014068606,247.7608982260262,215.35706205534592
2024-07-26,217.6061007609893,219.65454738208228,215.17682890149803,217.87691497802732,157873600,225.13607472229003,197.2525645866394,0.013739101272634002,0.01659482344083517,0.2634346552528503,230.6735846328735,247.85495879461334,213.4922104711337
2024-07-29,219.2043211514029,220.9771646640405,217.32764022474785,218.48795471191409,125220300,225.1713045349121,197.54663752365113,0.0028045180185720664,0.01656908821220326,0.2630261211634898,230.09325923919678,248.12023802031632,212.06628045807724
2024-07-30,219.44127271880197,221.31933993160573,215.1000060301289,217.8638038635254,146468500,225.2305584716797,197.82619772720335,-0.0028566831027900808,0.016563331912498955,0.2629347427385525,229.369879989624,248.16350507180314,210.57625490744485
2024-07-31,221.2740550306137,223.7523209944154,219.42750384272816,222.24158172607423,173067500,225.36652334594726,198.13191233062744,0.02009410367814546,0.016955319537409173,0.2691573533737163,228.72639717102052,247.57353668963626,209.8792576524048
2024-08-01,232.08460442617923,234.6961014404556,222.90302942471976,225.2457733154297,237757100,225.5634574279785,198.46855003356933,0.013517684521604512,0.0170542255165994,0.27072743711840436,228.23129745483396,246.88745457206278,209.57514033760515
2024-08-02,219.26907170389933,223.85915329678343,214.58927639539507,219.36585083007813,335421800,225.6482593383789,198.7645201263428,-0.026104474231875785,0.017700665168993112,0.2809893484654732,227.0178416442871,244.5804907033803,209.4551925851939
2024-08-05,202.4643880585001,215.56888830764535,201.10998250411168,211.6568153381348,318166900,225.58209254455568,199.0216469078064,-0.035142368161554804,0.01876896151361773,0.2979480271918497,225.53696529388426,243.03267888010393,208.0412517076646
2024-08-06,211.7147261407924,218.67730286253615,209.59407408677544,215.10931091308595,242761900,225.6302894439697,199.310328414917,0.016311761893589738,0.01906693947757646,0.3026782807247227,224.2134405899048,240.56680102632055,207.86008015348904
2024-08-07,218.47954109401437,222.076081244034,213.46475552859212,214.9312385559082,189046500,225.60436428833006,199.59699506378175,-0.0008278226378107822,0.01877047904236145,0.2979721172138294,222.7736402130127,236.7977852214044,208.74949520462098
2024-08-08,218.28783500789456,222.1179354780993,216.18516179840637,221.33006210327147,166347900,225.68754649353028,199.92776259994505,0.029771491526108695,0.01948629327923059,0.3093353159478807,222.0535663986206,234.68619517767272,209.4209376195685
2024-08-09,220.2813479211897,224.77100846105253,219.5581700423153,224.1514778137207,140709500,225.84827377319337,200.26434021759033,0.012747548541927278,0.019511005509549175,0.3097276104424691,221.59812263488772,233.13918256830306,210.05706270147238
2024-08-12,224.30277045616492,225.56642550053203,221.68667861312468,223.777921295166,117080600,226.0551622467041,200.5950848350525,-0.0016665360505235816,0.019071028499072187,0.3027431919286225,221.1070344924927,231.24889146072607,210.9651775242593
2024-08-13,225.4099711233277,229.4180780410542,224.7502766574908,228.3734619140625,142084700,226.3634208526611,200.9845060310364,0.020536166357693952,0.019375570584829502,0.30757764766462303,220.92780155181882,230.3643977733784,211.49120533025922
2024-08-14,228.17982820093985,230.3409345286117,225.44839615167,227.6048248291016,162982700,226.59985107421875,201.39120140075684,-0.003365702295348716,0.019240179498465782,0.3054283807991034,221.13342426300045,230.97580753887675,211.29104098712415
2024-08-15,230.28857168868615,232.95155417709984,228.38889180370447,232.0113967895508,175220900,226.91953941345216,201.8028228416443,0.01936062631254809,0.019592807618595873,0.311026178666018,221.54760875701905,232.48584130497318,210.60937620906492
2024-08-16,230.8227179343241,232.9373060700769,229.02710954088408,230.7481842041016,149924700,227.11463179016116,202.19175267028808,-0.005444614372090539,0.018364356770838478,0.2915251260198228,221.9042115402222,233.56739632792315,210.24102675252126
2024-08-19,231.149693121694,232.86116803859645,229.28075766677705,232.3427215576172,134275500,227.33286808776856,202.58939377593993,0.006910292096189208,0.018363705037701485,0.2915147800770128,222.1905715560913,234.5982766175044,209.7828664946782
2024-08-20,232.126539100262,233.96065800522948,231.44668858136765,232.39286041259768,130971100,227.5603458404541,202.9665409736633,0.00021579696856588448,0.018360055677953235,0.29145684828698193,222.42118412017822,235.42355210663447,209.41881613372198
2024-08-21,232.25274576958049,235.88524965460783,231.50390360964465,233.99823760986328,129042900,227.78140660095215,203.34658165359494,0.006908031487780519,0.018326319505195036,0.2909213031471501,223.2217222213745,237.02176527294262,209.4216791698064
2024-08-22,235.05048412929625,236.88824674116103,230.5908240758642,231.6203872680664,141238400,227.87131816101072,203.70905634689333,-0.010161830132077276,0.017423458870463315,0.2765888348988497,224.05653900146484,237.76280726297486,210.35027073995482
2024-08-23,233.3629423498822,235.1106793559819,229.83830332547387,231.79678497314453,116652000,227.93198231506346,204.06616168594363,0.0007615810816945512,0.01732056245834046,0.2749554049951824,224.75253250122074,238.55092307453543,210.95414192790605
2024-08-26,231.7948652329921,232.43007291307583,227.7412725384785,230.33179473876956,90284800,227.99890388488768,204.40672503280638,-0.006320149067402747,0.017355197388437688,0.27550521746546264,225.34472450256348,239.02720212810016,211.6622468770268
2024-08-27,229.3412753020363,231.55926626937048,227.7066814757596,229.4754501342773,115530200,228.0411752166748,204.74056425094605,-0.0037178740584359327,0.01732159604144827,0.2749718126183579,225.9253068161011,239.2520162496866,212.59859738251563
2024-08-28,229.3573387516984,230.5489063824726,225.85205844282729,227.64488220214844,116916700,228.0145014190674,205.06817649459836,-0.00797718418705673,0.01599320320535731,0.2538842300921791,226.1954718399048,239.4264796920515,212.9644639877581
2024-08-29,229.70829993869935,232.62472645197727,227.4314781241884,228.8098388671875,128201300,228.05849708557128,205.3827956504822,0.005117429628857639,0.016013161960399584,0.254201065506101,226.37367511749267,239.64676472113516,213.10058551385018
2024-08-30,229.96672629094363,231.90338832683335,227.7439381497934,231.0373062133789,160368500,228.14122941589355,205.71144409942627,0.009735015579834139,0.01609172181338899,0.25544816451036356,226.95724788665774,239.95651524611054,213.95798052720494
2024-09-03,230.07229461832395,231.5658080556237,224.34184052187945,225.7412536621094,171022500,228.12622618103026,205.99882305526734,-0.022922932395940676,0.01650413221437703,0.26199497666502825,227.66146980285643,238.52053205837828,216.80240754733458
2024-09-04,223.8585424579844,226.9615876887198,222.10061696674623,224.87769165039063,119691400,228.09748603820802,206.28516740036008,-0.0038254505887139745,0.016489073365765782,0.2617559248542902,228.14988883972168,237.38982529400099,218.90995238544238
2024-09-05,225.0033537448366,229.6183737033545,224.77931199366927,227.1464874267578,122216500,228.04050849914552,206.5772909126282,0.010089021101721274,0.014474134684644393,0.22976976491054021,228.76065128326417,235.63319782419126,221.88810474233708
2024-09-06,228.3011173755719,229.45187954214165,219.8360588788301,220.63329010009767,172459100,227.79610325622562,206.8353850097656,-0.028673995360638305,0.015240838341010794,0.24194080813471674,228.72581268310546,235.76207328501368,221.68955208119723
2024-09-09,222.9506098372396,224.6969139887191,220.033683018902,222.1442031860352,173356700,227.52729081726076,207.0916744842529,0.006848073947735012,0.01509323420645515,0.23959766513960185,228.62544895172118,235.9862149584619,221.26468294498048
2024-09-10,223.21104817041743,225.75308361954285,220.38253739146225,222.76959533691405,149634600,227.38079347229004,207.35632163619997,0.0028152530739462556,0.015093284541312988,0.23959846418069855,228.5750326538086,236.08784028784302,221.06222501977416
2024-09-11,223.9150965885676,226.85327725541933,219.2581679200284,226.3203887939453,151461000,227.26057347106934,207.62897291564943,0.015939309184725525,0.01532639093102721,0.24329891339792217,228.47237899780276,236.05258668560325,220.89217131000228
2024-09-12,227.9741951441204,231.0238432456128,226.54456787757252,230.37936248779295,138412800,227.16593595886232,207.92806898498537,0.017934635564554213,0.015240317234546264,0.24193253582604635,228.61110588073734,236.22593751156617,220.9962742499085
2024-09-13,229.50704667279675,232.3139781625203,228.2727335254086,230.78462677001957,125939600,227.0786731414795,208.2321920928955,0.001759117126856724,0.0150657983089768,0.23916213376926038,228.5497673797607,236.06842984753396,221.03110491198746
2024-09-16,229.4749477355878,231.8604746601956,226.78218658524705,231.166911315918,131767300,226.82931202697756,208.5333091583252,0.0016564558534453155,0.014174871350588068,0.22501910675994172,228.57070373535157,236.11742131286056,221.0239861578426
2024-09-17,232.58129236664095,234.6635931290113,230.6184088083241,232.72061920166016,127003400,226.65823756408693,208.85301805114747,0.006721151729275121,0.01235134546616009,0.19607153076302847,228.58959861755375,236.17785871934802,221.00133851575947
2024-09-18,233.0544582894649,236.09173221542704,231.50335964332552,233.49657287597657,158187800,226.49657292175297,209.18402472305297,0.003334271269036293,0.012102536624082314,0.19212181284223806,228.6447842407227,236.36442046136344,220.92514802008193
2024-09-19,238.53087810089363,242.306252635948,236.79071177107036,240.7491836547852,190844200,226.43701167297365,209.55287449645996,0.03106088748746183,0.013128993959527826,0.20841631788827902,228.98233154296878,238.14339307218495,219.8212700137526
2024-09-20,241.51291745672444,243.41596427587965,239.27683481289012,241.6315673828125,522002700,226.55501225280761,209.9386184692383,0.003665157715726952,0.012184303819880981,0.19341982683515643,229.48289054870605,240.21088268520444,218.75489841220767
2024-09-23,243.26652132000555,245.5607981059317,240.74341632732867,242.0936706542969,160363700,226.73167860412596,210.3205757751465,0.0019124292264027787,0.012045236402069004,0.191212200017142,229.99773483276368,242.0943023956042,217.90116726992318
2024-09-24,243.31466794416968,244.24005236652675,238.9174271000512,242.49878540039063,159017100,226.90966062927248,210.71064027786255,0.0016733801631363399,0.012019465761557963,0.19080310378162763,230.60608436584477,243.93445445213882,217.2777142795507
2024-09-25,241.92783050565785,245.3337581025776,241.2342074815553,242.8310745239258,126710400,227.12711970520022,211.08165464019774,0.0013702712901695335,0.011541420727038846,0.1832143741206664,231.27386558532712,245.66003803232041,216.88769313833382
2024-09-26,245.3362883028472,246.0481203154856,240.6185243945638,242.735466003418,136021700,227.51198161315918,211.44587236785887,-0.0003937244057221623,0.01150547505883762,0.1826437543280435,232.02839477539064,247.1759620751597,216.88082747562157
2024-09-27,243.22943944087277,244.25169747089492,241.04269564111056,242.2163269042969,124484000,227.88175401306154,211.81999408721924,-0.0021387031226569597,0.01106148160368898,0.17559557673166182,232.69871917724612,248.42218430748954,216.9752540470027
2024-09-30,242.4320283852136,245.32228711081743,241.1849235338881,244.3468231201172,146431000,228.2963679046631,212.19326325607298,0.008795840656365295,0.011058961378161737,0.17555556939170452,233.364195022583,249.89735665862943,216.83103338653657
2024-10-01,244.9242459029525,246.5877976134562,241.00342422333011,243.72447967529297,171062300,228.6385470733643,212.55658719253537,-0.0025469676129912244,0.011048058089976123,0.17538248505763251,234.26335632324222,251.00565857456863,217.5210540719158
2024-10-02,243.08988824795705,244.46202027250683,240.9793952858784,242.91106109619145,98451600,228.9411561126709,212.92031005477904,-0.0033374512900190556,0.011083004590826869,0.1759372435602904,235.16502479553225,251.72038155632006,218.60966803474443
2024-10-03,241.2906703753328,244.85859457241745,240.0310122976636,244.0241500854492,113466600,229.46188960266113,213.28497164535523,0.00458229025979584,0.011052223609363353,0.1754486106279127,236.0089079284668,252.5639110681924,219.45390478874123
2024-10-04,245.9825070736395,249.1668365761674,243.74535842223568,248.27144775390624,133642300,230.12883752441408,213.6542457237244,0.017405234961251903,0.01119780155924075,0.17775958893841398,237.39081581115724,253.13609402724205,221.64553759507243
2024-10-07,247.58858023848924,249.06780202935252,242.2486199867754,242.73255004882813,149951900,230.62595022583008,213.98765046310422,-0.02230984575628059,0.012070823783062429,0.19161838709800239,238.42023315429688,252.5807521068919,224.25971420170185
2024-10-08,244.6796734680872,246.5963448623711,243.3131394858955,246.2120620727539,121031900,231.18043237304687,214.3421780319214,0.01433475660032335,0.012191457849351375,0.19353339353226057,239.59235649108888,252.08036406258975,227.104348919588
2024-10-09,246.10862775766628,248.1534744530017,242.67097146208235,246.5898223876953,120456700,231.75495274353025,214.68996379470823,0.0015342884169087245,0.012139707793597063,0.19271188686510274,240.6058281707764,251.7794906977086,229.43216564384417
2024-10-10,245.76913809965043,247.48695298146845,244.2755763283938,245.5602249145508,105532000,232.2213256072998,215.03420697784426,-0.004175344558729477,0.012046351711206727,0.19122990500082224,241.3648712921143,251.63986398301566,231.08987860121292
2024-10-11,245.90863016101903,248.2316758321817,244.58228143111432,246.99512481689453,104437200,232.6563126373291,215.38427898025515,0.0058433726506117445,0.012052313395839221,0.1913245438104177,242.17539619445802,251.44450361245734,232.9062887764587
2024-10-14,248.3872952064531,250.71340760757235,246.7155483809665,247.7220886230469,117735600,233.2234373931885,215.7360647163391,0.0029432313965358503,0.01197766852673877,0.19013959324869711,243.00315505981445,251.0028660591105,235.0034440605184
2024-10-15,248.3016479274126,249.7097915098213,244.96976628825888,247.39218292236328,156069700,233.93814474487306,216.08551744842532,-0.0013317573031834673,0.011013722046347598,0.17483741726295085,243.73673324584962,250.33415409991196,237.13931239178729
2024-10-16,245.6145742013793,246.294251198503,243.24398228453293,244.7987823486328,110156400,234.531934173584,216.4296970024109,-0.010482952788141708,0.011223486456500651,0.17816732404201366,244.30184371948243,248.81214505366776,239.7915423852971
2024-10-17,246.85172838505528,247.5331999628073,243.0958765004176,244.2980773925781,177454800,235.1192709503174,216.79113092422486,-0.0020453735563995545,0.011173799376192077,0.17737856609479738,244.4792884063721,248.66893163716455,240.28964517557964
2024-10-18,246.90140209647836,249.06435062321,245.08457231569972,246.6860641479492,271042200,235.62639099121094,217.16822178268433,0.009774889679273535,0.009565337855063845,0.15184503102486557,244.73201324462894,248.8065870789656,240.65743941029228
2024-10-21,246.24559664398748,247.69667559638276,244.29184967397305,247.02799072265623,150583300,236.08392124938965,217.55267449188233,0.0013860798172284916,0.009556735138518596,0.15170846713339572,244.97872924804688,248.9775055583233,240.97995293777046
2024-10-22,245.8449388217279,249.4197735977578,244.80090457880988,248.4480209350586,123482800,236.57732324218748,217.94020911407472,0.005748458740437501,0.009563544655987008,0.1518165648720143,245.27619102478025,249.38189181252758,241.1704902370329
2024-10-23,247.41595725414217,248.91738426172537,240.72572097150768,242.0306121826172,154243000,236.85046624755861,218.27664546203613,-0.02582998539609549,0.010692193721757656,0.16973331334498143,245.23616790771484,249.45624150080903,241.01609431462066
2024-10-24,242.7309634284271,243.79359870499047,240.55100797477024,243.23290100097657,108784100,237.16302777099608,218.61666043090818,0.00496750724016759,0.010292785052259343,0.16339289727912706,245.2610396575928,249.4245413867047,241.09753792848088
2024-10-25,244.8053306540732,248.105898738558,244.16603094316665,245.2854156494141,127526200,237.42850814819337,218.94968283843994,0.00843847456487512,0.010362475490484043,0.1644991986889371,245.41449409484864,249.3239805258435,241.50500766385377
2024-10-28,248.5220057315975,249.27738728384836,245.36222743703505,246.94449157714843,135705600,237.75243429565433,219.2897439422607,0.006763858843143122,0.010397085878735352,0.1650486215694912,245.54437751770018,249.4770470716333,241.61170796376706
2024-10-29,247.55923000808036,251.84689957468635,246.11919807467305,251.28468322753903,162899500,238.13127352905275,219.64640805435178,0.01757557588213987,0.010741024745799887,0.17050848182026357,245.9223876953125,250.51630184443326,241.32847354619173
2024-10-30,255.53586630699505,256.23249338435073,250.73727233705603,251.4978530883789,197754200,238.51337338256835,220.01607422256473,0.0008483201526725548,0.010744891116217044,0.1705698585478651,246.3517272949219,251.34804806486807,241.3554065249757
2024-10-31,249.2915882612156,251.2504641562914,242.6217544403301,243.9687622070313,241701300,238.71278387451173,220.3506834945679,-0.029936998622019262,0.010930399216775917,0.17351470834946556,246.348957901001,251.35076924501217,241.34714655698983
2024-11-01,245.25736664688,248.28347800923356,243.3685609763342,245.6334259033203,242032200,238.9930446472168,220.67577230834962,0.006823265737915918,0.010977030832450331,0.1742549622993114,246.21705680847168,251.1439778127437,241.29013580419965
2024-11-04,244.0193264471952,245.8100573850092,241.6532145130636,243.31844940185547,136015900,239.223477935791,220.9746643753052,-0.00942451742042627,0.011124670734880174,0.1765986730918266,246.24635177612305,251.0923395664327,241.40036398581339
2024-11-05,244.7187118925038,247.55117206192284,244.31385045117932,246.9500717163086,108699600,239.55584347534182,221.29173706054686,0.014925388203733236,0.011442581148611497,0.18164534445541103,246.28325225830082,251.13936944152994,241.4271350750717
2024-11-06,245.92019077668903,250.97453983319147,243.6164227826592,249.91832733154297,215762200,239.96470101928713,221.61606098937992,0.012019658850896064,0.011628718886203147,0.18460018943504125,246.44967750549318,251.57093845728718,241.32841655369918
2024-11-07,251.53080015760216,257.76198348120914,251.06279421587695,256.52754364013674,167973700,240.54235424804688,221.96089263153078,0.026445504734136316,0.0125144764438274,0.1986611547512597,246.99804344177247,253.79336530259127,240.20272158095366
2024-11-08,256.41437521437183,257.15185146376723,253.72799761955383,255.12435913085935,124932500,241.0686446533203,222.2908447608948,-0.005469917535427804,0.012566400938133394,0.19948543054457837,247.4045051574707,255.11056117371814,239.69844914122328
2024-11-11,254.2699416824448,255.37575492691448,251.00735671355451,253.6935317993164,129113100,241.52176916503907,222.61189175796505,-0.005608352477267986,0.01256541337014638,0.19946975338879994,247.70307731628418,255.90755314174473,239.49860149082363
2024-11-12,255.0660147340581,258.50372381662004,252.57594776884744,254.9688079833984,148904800,242.10632025146487,222.92919758605956,0.005026837598251399,0.012560944225287599,0.1993988079135832,248.08190856933592,256.90249079617786,239.26132634249396
2024-11-13,254.41600942112615,257.0669717148629,252.2145649980208,254.90101318359376,156398700,242.70678668212892,223.25634553909302,-0.00026589448466596277,0.012531954643226536,0.19893861256511156,248.58702011108397,257.7657277711124,239.4083124510556
2024-11-14,254.24191201249852,256.3553201678829,251.9296576398604,253.90865173339844,159987400,243.24202996826173,223.60688059997557,-0.003893124777344714,0.012559854848896435,0.1993815145994922,249.06754882812498,258.30691289244766,239.82818476380228
2024-11-15,250.95116363129492,251.5200955241591,244.37039760039843,246.02962188720704,221469300,243.7499566040039,223.90552415466308,-0.031030962483563962,0.01350893089689348,0.2144476297892213,249.03472671508788,258.31428846156314,239.75516496861263
2024-11-18,246.99090799593688,249.6149119802354,244.7273979281617,247.5307403564453,156318200,244.25768734741212,224.11977055740357,0.006101372906740732,0.012888070945480976,0.20459178360659852,249.05986419677737,258.31923910173913,239.80048929181558
2024-11-19,245.88573211173417,251.33031968197693,245.41825418630955,250.53912353515625,138509000,244.81307791137698,224.36315337753294,0.012153574034396097,0.012814639027616112,0.2034260880488088,249.16441932678225,258.4419114193297,239.8869272342348
2024-11-20,250.55332155227444,251.91409969577072,246.74317439452687,251.04190216064453,137671000,245.30750817871095,224.61345706176755,0.00200678687780953,0.012816039883556986,0.20344832594746187,249.61498382568357,258.2893854015543,240.94058224981282
2024-11-21,251.52337708744312,252.3999865809736,243.11899356497696,248.17800903320312,216910400,245.66348110961917,224.83145523834227,-0.011408028312376195,0.01297747136618225,0.20601097128827925,249.8622392272949,258.0382775617755,241.68620089281433
2024-11-22,247.7689732663569,248.8759309725629,245.24135483585937,246.84542388916012,149607700,245.98469705200193,225.04386179733277,-0.00536947310212621,0.012977818338308154,0.20601647930002132,249.9402396392822,257.9607172856271,241.9197619929373
2024-11-25,248.53060534203297,252.00884740549108,246.14658900752488,249.42328033447265,237715600,246.34982443237303,225.26231813812257,0.010443201274292546,0.013106837427165105,0.20806459384099515,250.06417907714845,257.96546230063865,242.16289585365826
2024-11-26,249.8154889196885,254.5776495701316,249.6198006539292,253.24730377197267,149886200,246.7603581237793,225.50470698928837,0.015331461571558513,0.013384915373094688,0.2124789443811232,250.16231010437014,258.1753766993786,242.1492435093617
2024-11-27,253.187781654283,253.85303051399345,250.0691293556288,252.0517990112305,113808700,247.13146264648435,225.75830268096925,-0.004720700844336068,0.013257158422182056,0.21045086565887494,250.19000740051268,258.22630692440237,242.15370787662297
2024-11-29,251.95784551103884,255.29671999685783,250.7498610852569,254.1094665527344,95033500,247.39866830444333,226.00441846466063,0.00816366933136714,0.013305658097667056,0.21122077413887883,250.69704261779785,258.3511656448246,243.04291959077108
2024-12-02,255.1216520641828,260.758445375368,254.51880040426656,259.52317504882814,147861800,247.75650045776368,226.2701486968994,0.02130463130530491,0.013716100286391452,0.21773634189248156,251.39153007507326,259.61083648234285,243.17222366780368
2024-12-03,259.8504515286265,265.39616469463806,258.53893323066984,264.8725112915039,132247700,248.21207727050785,226.57823708724973,0.020612171693989545,0.014139497918941583,0.2244575709410085,252.46923316955568,261.8076550291643,243.13081130994703
2024-12-04,265.1629475711536,268.2800497597852,263.2196237117064,266.6933898925781,166337700,248.69596936035157,226.90044460678098,0.006874547276332077,0.01415011646433019,0.2246261351233095,253.45639907836912,264.37817495225073,242.5346232044875
2024-12-05,267.8500951735649,269.6656539349509,264.6052436915029,266.0062530517578,138964500,249.1594729309082,227.21890886306764,-0.0025765049561110587,0.013148307690678502,0.20872291386535974,254.26079536437987,266.3885752150533,242.13301551370645
2024-12-06,266.0789896657051,272.6194429849193,265.4880772446578,270.95977783203125,149000600,249.72395916748047,227.5331381263733,0.01862183585327082,0.013443284917265435,0.21340553216921918,254.98240707397463,269.2131954755998,240.7516186723495
2024-12-09,270.5808663064321,273.22516517906115,266.16022964175966,269.2713958740234,161785200,250.265060546875,227.8430475692749,-0.006231116557286476,0.013531211276439043,0.21480131984958342,255.68975891113283,271.29067640194603,240.08884142031962
2024-12-10,271.5806684832266,274.91263090004304,269.4956705379582,272.3482040405273,157752600,250.8250881652832,228.17813792419435,0.011426420383483071,0.013600116584257697,0.2158951577005865,256.62249252319333,273.86512639064216,239.3798586557445
2024-12-11,273.7196946902706,280.6168343530217,272.8624786490267,278.2909225463867,194339900,251.51641702270507,228.53471286010742,0.02182029628869908,0.013774088857302386,0.21865688191756774,257.78859825134276,277.5333118329368,238.04388466974868
2024-12-12,277.906144836502,279.601349090558,275.50431440020304,277.0450729370117,128135800,252.19909725952147,228.8926353340149,-0.004476788527542963,0.013843581177808272,0.21976003830609198,258.8958012390136,280.3667649570913,237.42483752093597
2024-12-13,275.8302392544641,277.7658997334664,272.5395634089713,274.14332427978513,120378200,252.8014807434082,229.22434901809694,-0.010473922623725151,0.012634381464853737,0.20056458795076162,259.90753486633304,282.2771761556189,237.53789357704716
2024-12-16,277.3918154484637,280.17045281264507,274.4748047137599,278.09234619140625,171816400,253.3978987121582,229.56302422714234,0.014404953766413264,0.012768502982330095,0.2026937010349919,261.51067108154297,284.284589792882,238.7367523702039
2024-12-17,278.3040334587246,281.3168933754104,274.8676977001902,276.98074798583986,168301300,254.08286267089844,229.90947292709347,-0.00399722689527493,0.012605862582291627,0.20011186472518883,262.9831714630127,285.7594920052983,240.20685092072713
2024-12-18,276.9130874283661,279.1448948908545,266.8569379700667,267.3645263671875,180679100,254.50591195678714,230.22653615188597,-0.034718014477829184,0.014319196464766221,0.2273101969202801,263.82444160461426,285.89753036758765,241.75135284164085
2024-12-19,271.77310950252667,273.4945008603021,267.40344271494206,268.2135482788086,176179300,254.9383864746094,230.54496227264406,0.0031755219106930355,0.01421242705145969,0.225615285028856,264.6830239105225,285.9850060127461,243.38104180829885
2024-12-20,265.4643442662099,272.55992232494384,262.5060515598482,268.1373596191406,393531800,255.3899291687012,230.83981801223754,-0.00028405969853839697,0.013475370163608674,0.2139148696646899,265.68099143981937,285.5491184267038,245.81286445293497
2024-12-23,269.40398336087185,272.7623271721719,267.4761922174871,271.91182708740234,128203600,255.88826321411136,231.1588408126831,0.014076619064284479,0.013595519388631015,0.21582217948244742,266.9343115997315,284.86784509245757,249.00077810700537
2024-12-24,273.01498799204177,275.7125765674217,271.8524468091244,275.57027130126954,76574600,256.4452268676758,231.5178692817688,0.013454524038379656,0.013662514449628946,0.2168856931052682,268.24166114807133,284.53770870860944,251.94561358753322
2024-12-26,274.74157975423384,275.6438298704019,272.54875225608697,274.19708862304685,84914800,256.98132498168945,231.8482661781311,-0.004983058120668793,0.013729628271434403,0.21795109199746227,269.28915039062497,284.15774837057813,254.42055241067183
2024-12-27,272.59546628464284,273.4554050522472,267.5121209277619,271.255598449707,128960000,257.5104613037109,232.1678928260803,-0.010727649181511478,0.013934116961816173,0.22119724932151497,270.2493403625488,282.71747716442263,257.781203560675
2024-12-30,266.80168973051025,270.0917106103616,265.3202343147591,267.94361267089846,107199300,257.98337200927733,232.46699340820314,-0.012209833816287596,0.014140100523399125,0.22446713699021004,270.94104766845703,280.92693498769023,260.95516034922383
2024-12-31,268.52570317517853,269.2751156756762,264.6900314559663,265.50079956054685,106545800,258.3596667175293,232.76886553573607,-0.009116892490928619,0.012891578836325359,0.2046474696474021,271.2399288940429,280.0788634089145,262.4009943791713
2025-01-02,266.92215594100526,270.9306125205151,263.3682552560711,267.02664642333986,145873400,258.759639831543,233.0567576370239,0.005747051855657492,0.012888443772051858,0.20459770204493077,271.34763565063474,279.90798307712936,262.7872882241401
2025-01-03,268.99878239930365,271.1540467982606,266.3272388618594,269.15084075927734,127465700,259.1736962280274,233.35265878677367,0.00795499012697709,0.012803765247007751,0.20325347213300402,271.47050819396975,279.81745600393793,263.12356038400156
2025-01-06,271.8789167203411,277.62515816761106,269.66834812107265,276.27019653320315,155596800,259.85848791503906,233.66775411987305,0.02645117419600851,0.01353039855142825,0.21478841824000638,271.983705368042,280.1767871914129,263.7906235446711
2025-01-07,276.22491235064035,277.85660932187966,269.24156025781167,271.8418685913086,133996900,260.4306672668457,233.96733523941037,-0.01602897452372265,0.013728296630729121,0.21792995285661104,272.02780990600587,280.2071688726267,263.84845093938503
2025-01-08,270.54301850057465,272.4330256655973,267.2860276841217,270.12732849121096,121091800,260.92750552368165,234.2512487182617,-0.006307122993902348,0.013749369537987973,0.21826447488865935,272.0706065368652,280.19803206966213,263.9431810040683
2025-01-10,269.21958541322965,273.69429323026384,262.8788164137849,268.2239166259766,192477200,261.3530940246582,234.53347272109983,-0.007046350607566532,0.01379799143311945,0.21903632354540267,271.8643921661377,280.16950717938624,263.55927715288914
2025-01-13,265.13179622974764,266.52952060600103,261.75052283726666,265.99124908447266,139747100,261.64722534179685,234.81336864471436,-0.008323894340180216,0.01371612802511833,0.21773678223111959,271.249408493042,279.370341310042,263.12847567604194
2025-01-14,265.9123965226962,266.7248741673525,260.3503377110657,262.32269592285155,125296900,261.8637221984863,235.07321635818482,-0.013792006971086734,0.013961018013902413,0.22162429028447206,270.513289642334,279.0790650348074,261.94751424986055
2025-01-15,267.62333231098967,272.0033223764709,266.0626975186009,270.4683212280273,140237600,262.3937133789062,235.38382314682008,0.031051927384778688,0.014933420971650218,0.2370607086865381,270.3295394897461,278.72338437338885,261.9356946061033
2025-01-16,269.4351297880715,270.98359346573204,265.76335634770294,266.2220886230469,162972100,262.8054866333008,235.66310679244995,-0.01569955618351515,0.014827963909852021,0.2353866297294565,269.7360266113281,277.4715745716239,262.0004786510323
2025-01-17,271.6281534702479,272.22223821899144,265.5946897719981,268.84093017578124,192050100,263.31593624877934,235.95190383911134,0.009837055844162057,0.014461392342731551,0.22956748650360861,269.32903572082523,276.2759958860873,262.3820755555632
2025-01-21,269.9707969193384,273.0576427606653,266.4933140235474,269.71051330566405,278181200,263.7711450805664,236.2312929954529,0.0032345637597452903,0.014422121669844891,0.22894408389795098,269.44633506774903,276.33258772244835,262.5600824130497
2025-01-22,273.5346403952978,277.4482860814998,271.34943994943467,273.95659790039065,286781300,264.25191049194336,236.53664151000976,0.01574311858549793,0.014674079854978072,0.23294379608984842,269.73348754882807,276.8774336177646,262.5895414798915
2025-01-23,274.75355776742947,278.3029954844316,271.853392572048,277.1199356079102,201021800,264.6637583312988,236.83184796524046,0.011546857172863856,0.01443748371188965,0.2291879487552343,270.1826163482666,278.00160124418403,262.3636314523492
2025-01-24,277.1632323827497,281.4083383026032,275.38810951490257,279.3245971679688,169035400,265.14776309204103,237.14554644012452,0.007955622374198112,0.014429875467825138,0.2290671716249828,270.5532548522949,279.3579985298021,261.7485111747877
2025-01-27,272.0099187131914,284.0258853317752,271.0808529497798,281.52405548095703,260761800,265.7043735656738,237.47017308807372,0.007874202040522693,0.014358510244212159,0.22793428382135206,270.8509440612793,280.70944094049355,260.992447182065
2025-01-28,282.79497307257856,290.2098218597562,280.82668723089466,287.30422058105466,196742800,266.35108181762695,237.82280254364014,0.020531691653215223,0.014296505849022501,0.22694999456216322,271.50630065917966,283.75440335055464,259.2581979678047
2025-01-29,287.0045004861557,290.0186900387187,283.8943797951326,287.8844268798828,140480900,267.0107500915527,238.16049021911618,0.002019484077382172,0.014257299765909736,0.2263276172873794,272.3377420806885,286.6053377765164,258.07014638486055
2025-01-30,292.4912116863076,296.68504536071504,286.69652892037686,290.1244155883789,180034600,267.73506536865233,238.52422832870485,0.007780860996106309,0.014122926847500676,0.22419451333706533,273.4467822265625,289.5999200560605,257.2936443970645
2025-01-31,293.4379155078129,298.0573385350164,289.5721487630866,291.54695587158204,224526000,268.64541204833984,238.91738999938963,0.004903207750778904,0.013940194021485245,0.22129371965303615,274.7490900421143,292.34063032823434,257.15754975599424
2025-02-03,286.2534123940092,294.1449530153595,284.7486392529906,291.0438598632812,196845200,269.51567443847654,239.31149520874024,-0.001725608853629823,0.013914494280599229,0.22088574891417695,275.94995071411137,294.57075366355775,257.329147764665
2025-02-04,292.67329895725214,296.85722148541026,290.03805824570446,295.6038879394531,192464800,270.4169697265625,239.73667155838012,0.01566783809943262,0.012309745811185373,0.19541115671289333,277.27260307312014,297.54469487604194,257.00051127019833
2025-02-05,290.4338397701816,295.23327563394304,288.4899421464718,291.8279525756836,206433700,271.2326907348633,240.1381903953552,-0.012773632275577262,0.012660325891688329,0.2009764429586363,278.0504908752441,299.3295900619086,256.7713916885796
2025-02-06,291.73384392015976,295.8379510313275,290.42950699892856,294.0698440551758,164543500,272.1505274353027,240.5855357055664,0.0076822369471643,0.012674910898072246,0.20120797275720909,279.1618896484375,301.3769572539507,256.94682204292434
2025-02-07,293.55427433708,296.1679421448493,288.8222445121271,290.24730377197267,215117600,273.01856503295903,241.00755755615236,-0.01299874965243264,0.012833691490919365,0.20372853652739037,280.1678884124756,302.48234573752734,257.8534310874238
2025-02-10,292.34808106371725,294.11482938658645,289.7295631489611,292.1697799682617,137511400,273.8734950256348,241.41730810546878,0.006623579862086837,0.012687938081860988,0.20141477288874035,281.36518157958983,303.55056319356765,259.179799965612
2025-02-11,290.80123341431806,294.97660870907947,289.27113174694006,292.9398956298828,144987600,274.66734686279295,241.8357413406372,0.002635849818912739,0.012618804672314536,0.200317314035065,282.7126139068604,304.22986634787816,261.1953614658426
2025-02-12,290.8334099227092,295.28969868436855,289.31394288870155,294.1729248046875,145507600,275.50976937866216,242.3162119636536,0.0042091541411708455,0.012380167418946519,0.1965290650792613,284.30512535095215,304.11517512048374,264.49507558142056
2025-02-13,293.5248677555393,297.1826003828376,292.0352430882075,296.8502563476562,153693200,276.36458517456055,242.7873663368225,0.009101216723960137,0.01209854967447391,0.19205852197931655,285.6242221069336,305.0648398128671,266.1836044010001
2025-02-14,295.8898112402932,300.47713387272273,295.12838395477525,298.8524993896484,136730900,277.15117166137696,243.27953646087644,0.006744959787561289,0.011873043223592594,0.18847871805087996,287.2557426452637,305.26457691330916,269.24690837721823
2025-02-18,298.75939466934204,299.37057302205096,289.9094403097052,293.6385269165039,185946000,277.72649197387693,243.76138511276244,-0.017446641683750652,0.01249552896235258,0.19836037280753943,288.4956224822998,304.465328059834,272.52591690476555
2025-02-19,291.056555779065,292.6363781913016,288.3554903564874,291.65628204345705,123855800,278.2257498168945,244.2202208175659,-0.006750629400924968,0.012592533506039892,0.19990027219937898,289.5929109191894,302.9261160924727,276.25970574590616
2025-02-20,289.8895410771313,292.14716729717856,287.50070992570784,288.80431671142577,126465500,278.6817110900879,244.64883993530276,-0.009778515011057864,0.01196335878017606,0.18991243306432135,290.3352968597412,301.47586350151624,279.1947302179662
2025-02-21,289.4690895590033,291.5663991454506,282.98068322058225,283.8414459228516,196767900,278.9393444519043,245.02868985748293,-0.01718419878582722,0.012023597263901314,0.19086868934807716,290.67137237548826,300.456414248326,280.88633050265054
2025-02-24,284.99536045922696,286.3955050274152,278.0623789938797,279.9340057373047,183507200,279.1525966491699,245.37194541931152,-0.013766277764132417,0.012265525947569338,0.19470918814007,290.70184280395506,300.34081661835995,281.06286898955017
2025-02-25,279.24538812667595,280.6278170107629,270.98858047507866,276.8400848388672,216847400,279.24243426513675,245.69242705535885,-0.011052322458247166,0.012380363892946363,0.19653218400731737,290.4676442718506,301.20999725934746,279.7252912843537
2025-02-26,277.09456614254754,283.1797419501159,274.65487221683446,278.76531982421875,167446200,279.25192221069335,246.02014068603515,0.006954321613042769,0.012292055479463769,0.1951303314028197,290.0406992340088,301.9299487640083,278.1514497040093
2025-02-27,281.46583108918355,283.85696511648086,272.1887381316924,272.57982635498047,171859200,279.16261727905277,246.3099838027954,-0.02218889162087545,0.01274284625054216,0.20228641304439854,289.27546920776365,303.4914997419503,275.059438673577
2025-02-28,272.6180358352063,277.3764851576481,267.26633354827,276.874609375,221443900,279.217242980957,246.6252251091003,0.015756056042190103,0.011783671157875583,0.18705998049061998,288.61297889709476,303.8599733281466,273.3659844660429
2025-03-03,278.545306198812,281.1528516940561,269.1575126598351,271.26289520263674,180820700,279.0806539611816,246.91718183898922,-0.020268070752427536,0.012031800438535143,0.19099891070833122,287.59877586364746,304.61939192995646,270.57815979733846
2025-03-04,268.12529184410425,272.4713377483593,262.08444096944567,268.36368560791016,225462400,278.90831271362305,247.18830008316039,-0.010687822204953012,0.012077532044190778,0.19172487744205413,286.46476715087886,305.4300101064789,267.4995241952788
2025-03-05,268.60243599192233,274.6297466081248,266.02670841245447,273.297477722168,168641600,279.0269717407227,247.47115515136716,0.018384723339454956,0.012525387277659814,0.1988343588687612,285.34944664001466,304.67195752079914,266.0269357592302
2025-03-06,269.7090199843897,272.0369245328692,261.9980686077637,264.18410034179686,215308700,278.9463827819824,247.71757011795046,-0.033345998859293347,0.013625741553046439,0.21630194146919932,283.9672540283203,305.1990523925624,262.73545566407824
2025-03-07,262.9981526531452,267.55442066649505,255.6245757326215,264.1813430786133,232212900,278.8672624511718,247.96126014328004,-1.0436900555355066e-05,0.013417046689599341,0.2129890132177337,282.4728289794922,304.8852447856895,260.0604131732949
2025-03-10,257.8560268706973,258.7747514851546,249.1189338374098,253.3938140869141,269979000,278.49690219116206,248.1512338676453,-0.040833803273114255,0.015084123295627534,0.23945303391399891,280.63015449523925,306.1901581172944,255.07015087318413
2025-03-11,251.77514944745516,258.61966660943017,249.3360120159568,254.2232437133789,261118200,278.06996163940426,248.3467213096619,0.0032732828520443125,0.01499147285995196,0.23798225384404278,278.7328276824951,306.2451425511569,251.2205128138333
2025-03-12,260.61611237815964,262.24083668803826,253.524796562072,257.7728668212891,219004200,277.74147720336913,248.56075986862183,0.013962622205828445,0.014676269551982002,0.23297855645216228,276.9744762420654,305.1507957644633,248.7981567196675
2025-03-13,257.2147580921077,257.779103887928,246.44634002339063,248.11467590332032,200892600,277.27865875244146,248.73783591842653,-0.037467833744754375,0.015884792613146785,0.2521632652933334,274.6715637969971,304.4146107216582,244.92851687233593
2025-03-14,251.9828492639644,254.97808364356104,249.464195977566,254.2641998291016,194571700,277.0050704956055,248.92801943588256,0.02478500678523954,0.01663555458099397,0.2640812420577081,272.54226097106937,301.69149399192173,243.393027950217
2025-03-17,254.7119752515855,257.0666043307716,250.89384801586712,253.78769226074215,217504400,276.7708083496094,249.11110313796996,-0.0018740647274753108,0.01655273529432675,0.2627665266400207,270.289020614624,297.7957005378083,242.78234069143974
2025-03-18,251.88834702045077,252.6994096897863,243.8166075316929,247.3356170654297,205313800,276.37698776245117,249.26720565414428,-0.02542312094742394,0.016976809852196413,0.26949850154485755,267.97387512207035,294.9958706804658,240.95187956367485
2025-03-19,248.46669119272383,252.950130625964,245.80974232681208,249.95605010986327,215265400,275.9930919494629,249.4498184165955,0.010594644942464537,0.016785252339443682,0.26645762030179865,265.88886352539066,291.62122820579333,240.15649884498802
2025-03-20,248.30338083095316,256.7113404211973,246.93904818684845,249.6075653076172,184922000,275.4598393249512,249.63305358505252,-0.0013941843059726011,0.016742289302961812,0.2657756032412033,263.92902595520025,288.24440000935516,239.61365190104533
2025-03-21,247.67868410165428,253.79753402730185,246.97791355119952,253.1545150756836,274880400,275.0860922546387,249.81990959167481,0.014210105225356928,0.016954665202949137,0.2691469661361833,262.3946794128418,285.24835101744634,239.54100780823728
2025-03-24,258.98183310063416,261.7073777937709,257.1928773068156,260.520246887207,179324300,274.8939506225586,250.04237592697143,0.0290957947533399,0.01796785307075913,0.2852308249138614,261.42399147033694,282.7382801313586,240.10970280931528
2025-03-25,262.553164449518,265.89308549224563,261.0766016178561,264.1744689941406,142973700,274.81296166992183,250.25828044509888,0.014026633824417267,0.01816060582855995,0.2882906800838384,260.7907106781006,280.8946934255477,240.68672793065346
2025-03-26,263.49018881907404,264.37557754166585,256.687619894782,258.1385070800781,144106800,274.655906829834,250.44181844711304,-0.022848392341034196,0.018471990775270515,0.29323376286986996,259.75937004089354,278.0118820280228,241.50685805376426
2025-03-27,256.26113014604937,260.44778146271483,254.71543745592132,256.5338104248047,129829300,274.54012911987303,250.61939263534546,-0.006216417199529256,0.018409394388514657,0.2922400760359066,258.9570692443848,276.2206532115891,241.69348527718054
2025-03-28,254.6179269820161,255.82227604867091,245.04326871814365,246.04802703857425,202865900,274.05172323608394,250.73490677261353,-0.04087485921979106,0.019382109661831865,0.30768145229393595,257.4157401275635,273.40086506510835,241.43061519001859
2025-03-31,241.8206025951713,247.9481482283396,237.9908803552932,246.35651092529295,250916100,273.6544116821289,250.83106528091434,0.0012537547666267024,0.019282744014639006,0.30610407154592423,256.1704209136963,271.4797678316936,240.86107399569903
2025-04-01,244.0130100301344,250.7794855454636,243.21292567514064,249.2686279296875,156389500,273.262965637207,250.9335905342102,0.011820743009620216,0.019435824051584505,0.30853414179660243,255.21566802978518,269.6817042643829,240.74963179518747
2025-04-02,245.29781496409487,252.91591862232295,244.7022994702621,249.90060729980468,160666600,272.86676751708984,251.04816498947145,0.0025353345720482423,0.01948517315121442,0.3093175344668767,254.045824508667,265.9041267049929,242.1875223123411
2025-04-03,234.2905442331876,237.3942912316168,228.8832107506676,230.2268615722656,339279500,271.9921727905273,251.06248987960814,-0.0787262821812057,0.023687161373934278,0.37602202956291086,252.34796257019042,267.39067703272644,237.30524810765442
2025-04-04,220.19987008411732,226.66531497913465,214.81972056873127,218.20589599609372,417907600,270.813891998291,251.00862649917602,-0.05221356662762233,0.02501963070100191,0.39717432437716615,250.04919021606446,270.5421168847453,229.5562635473836
2025-04-07,208.91007369714615,231.19024780401864,207.29826550404476,220.44356536865237,449761600,269.6362713623047,250.97779404830933,0.010254852933023972,0.025226089493300772,0.40045175609959927,248.40167778015137,272.70602339815133,224.0973321621514
2025-04-08,230.6351503009546,232.72731242500203,213.062340329816,216.21553802490237,345058300,268.3301010131836,250.92436828994752,-0.01917963600651884,0.02530776018485925,0.40174823813519767,246.50129249572757,274.5450870188456,218.45749797260953
2025-04-09,215.83410430701863,246.20710975219757,213.8269566286276,244.83889770507807,485803000,267.4807945556641,251.01610570144655,0.13238345375936422,0.0359623441576351,0.5708845152241145,245.854594039917,273.3959858339307,218.31320224590334
2025-04-10,239.01418884767264,242.01249951988623,225.81574109563695,231.6707656860352,317675500,266.3565213317871,251.04288603591922,-0.05378284309588999,0.036970696435430536,0.586891611390068,245.03239852905273,273.26288653441907,216.80191052368642
2025-04-11,228.40095589756905,236.07179325037316,226.34735452425383,234.19827728271488,230044700,265.2379985656738,251.06390060043333,0.010909928964041304,0.036888457873422556,0.5855861146905519,244.0291024017334,272.30437379009186,215.753831013375
2025-04-14,240.59941149990445,242.0040321773112,230.73315582397544,232.75458526611328,234178300,264.06215115356446,251.06340576553342,-0.006164400666614833,0.03677583506082353,0.5837982829660139,242.977447052002,271.28904853682366,214.6658455671803
2025-04-15,232.99313733803083,235.64201459295896,228.15941480947885,230.54124908447267,215216100,262.85209893798833,251.03818788528443,-0.009509312906167078,0.036769572953405924,0.583698875092553,242.13772865295414,270.89775219714187,213.3777051087664
2025-04-16,225.9014120778899,228.54984875481424,220.3124377146692,223.21517181396484,219191200,261.4043246154786,251.003791431427,-0.03177772871276274,0.036837627141191466,0.5847792018318952,240.8006847381592,270.501272402255,211.10009707406343
2025-04-17,225.0552482705591,226.2209136238804,220.8490586386677,223.04069061279296,233468300,260.0285793762207,250.95733794021606,-0.0007816726782232664,0.036484715260770816,0.579176899410016,239.47234100341797,269.88237956578075,209.06230244105518
2025-04-21,219.4545524183676,220.6977481912841,214.8294980909984,217.47845153808595,234840700,258.49675152587895,250.86917400741578,-0.024938225663779234,0.0366506662695,0.5818112900035224,237.6885378265381,268.894305938669,206.48276971440717
2025-04-22,220.5985324202978,227.90968573085425,219.2867531422724,224.87238159179688,247643800,257.1892530822754,250.817797077179,0.03399844904825455,0.036732606317219314,0.5831120479356148,235.90614456176758,265.6594397652792,206.15284935825596
2025-04-23,234.7552393837347,237.95703110882988,230.4140126720377,232.25855712890623,230421000,255.9910286254883,250.76091502761838,0.032846076894036846,0.03730837534065332,0.5922520978273402,234.31034896850588,260.93939401265874,207.68130392435302
2025-04-24,232.2011226421428,238.91246974498875,231.32943316780447,238.4874420166016,214697200,254.90197955322267,250.74698052597046,0.02681875305131709,0.0375750890768776,0.5964860471311062,233.32779571533206,257.60085836451344,209.05473306615067
2025-04-25,242.1786982538088,244.32385203946745,238.69605460567,242.5954132080078,187269500,253.87042932128904,250.7520585670471,0.017225104838519245,0.03711494283072475,0.589181451926864,232.63087585449222,254.8084754052399,210.45327630374453
2025-04-28,244.6914140103482,246.00215393480292,239.03702220598765,242.9082321166992,155203600,252.79158883666992,250.74796349716186,0.0012894675317838278,0.036818473925917514,0.5844751539653623,232.47388610839843,254.2931403720047,210.65463184479216
2025-04-29,240.946693683772,245.12357469832347,239.7207172297288,244.2100296020508,154911900,251.69873944091796,250.79035595321656,0.005359215181831356,0.03683542913143619,0.5847443095087447,232.36656204223632,253.91776785604256,210.8153562284301
2025-04-30,238.9000712152662,243.12430964532405,235.19747915020656,242.64057006835935,214355100,250.6787803039551,250.8372570381165,-0.006426679265585267,0.03655693746817331,0.5803233914095548,232.03515914916994,252.67664825418606,211.39367004415382
2025-05-01,251.92169318419135,254.1167439971881,246.44434939321957,249.1118621826172,227988900,249.8278919067383,250.91481792831422,0.02667028070546773,0.036834462351789395,0.5847289623576366,231.99572189331056,252.49602246708088,211.49542131954024
2025-05-02,250.64566100315588,256.0345778007376,247.46205151760705,253.4255157470703,267111400,249.12031588745117,251.02215490341186,0.01731613069991389,0.03695897007766387,0.586705461231457,233.15565460205076,255.7525540501658,210.55875515393572
2025-05-05,250.0910212213784,254.07041109102528,248.08052071079084,251.4504867553711,196088500,248.4724967041016,251.16194548416138,-0.007793331251105706,0.03690920159139418,0.5859154110046706,234.81788414001466,257.67390864849506,211.96185963153425
2025-05-06,249.11913188631652,251.8609037423644,247.2986374491548,248.6039886474609,144975500,247.8458963623047,251.28632689285277,-0.011320312577797642,0.036562365976423775,0.5804095663064796,236.2259053039551,258.82154989109955,213.63026071681065
2025-05-07,249.6512431369309,254.00220060480385,244.3736696355949,248.78111572265624,296611500,247.2847169799805,251.4121518287659,0.0007124868597603307,0.03645522901050687,0.5787088196982507,237.8541841888428,259.0269952069558,216.68137317072978
2025-05-08,252.3489864837437,254.5878387258412,248.43159455593025,250.29813079833983,201253000,246.71537319946287,251.53056487655638,0.006097790305654716,0.03624968974021684,0.5754459849351801,238.12714584350587,259.8136348387027,216.4406568483091
2025-05-09,252.02627095583776,253.4944296483445,248.23188624209388,249.2134033203125,134675600,246.24804473876952,251.63772884750364,-0.004333741824469661,0.036240914408731416,0.5753066808664845,239.0042777252197,261.0079909372408,217.0005645131986
2025-05-12,263.54451357958203,266.1143945840382,259.0706730274243,264.6963745117188,269875700,246.0044800415039,251.87127334213258,0.06212736147062725,0.037136773420953076,0.5895280018031714,240.52918258666992,265.19646595685634,215.86189921648347
2025-05-13,266.48370405087763,271.9107589126752,264.77697008551826,269.75410614013674,209034900,245.97430426025392,252.14542361450196,0.019107672470950465,0.03724923552389043,0.591313282340921,242.37915863037105,269.96809307526803,214.7902241854741
2025-05-14,270.6103870593998,273.1649161258763,268.2551416868698,271.4869842529297,188023000,246.0367702331543,252.41347396087647,0.00642391746167803,0.03722160686062379,0.5908746909085569,244.42644538879395,274.29902017854846,214.55387059903944
2025-05-15,269.4698048635867,271.4338029362581,264.6157421720412,267.4739059448242,201505300,245.92029879760742,252.65840371704104,-0.014781844216762652,0.037371130289501724,0.5932483017564889,246.63938209533688,276.45314252051537,216.8256216701584
2025-05-16,267.86636656968506,268.79145410700687,263.8092178347007,267.53037414550784,206406300,245.98722427368165,252.90673656845095,0.0002111166713036905,0.034055657578671586,0.5406168041276227,248.86386627197263,277.8925460573418,219.83518648660342
2025-05-19,262.9758346148936,268.0033112591421,261.9866478710412,267.2405548095703,149007800,246.04840850830078,253.1317314338684,-0.0010833137615241517,0.03229883440912409,0.512728100902789,251.3519714355469,277.4348364112831,225.26910645981067
2025-05-20,265.7149987853672,267.2672627720609,263.18906152813736,265.27562103271487,146649200,246.2860446472168,253.33188067245482,-0.00735267810776552,0.03240239785679713,0.514372119667545,253.37213340759277,276.95883134173073,229.78543547345484
2025-05-21,263.2222323805765,269.2896883068872,261.676206951754,264.38165283203125,216319300,246.48921282958986,253.5569596824646,-0.003369959882492779,0.032094489301228116,0.5094842228800366,254.978288192749,276.8217999025442,233.13477648295378
2025-05-22,264.4806852430696,268.7002406488364,263.0401502688436,265.1719512939453,187390100,246.63719451904296,253.82453536224367,0.0029892333807903793,0.021704178182498743,0.3445431472915532,256.3125136566162,277.1515957465765,235.4734315666559
2025-05-23,259.85973462378627,263.3658733195807,259.01514430501595,261.1156036376953,177356900,246.89721307373046,254.0545668258667,-0.015297046450261642,0.019236001001991552,0.30536204922395355,257.23852317810054,277.1357900210565,237.3412563351446
2025-05-27,264.3358760312496,267.9961240959665,263.376630438375,267.54761657714846,167889600,247.16288140869142,254.3176487159729,0.0246328172267245,0.01956214214019099,0.31053937928785313,258.47049240112307,277.6707996005313,239.27018520171484
2025-05-28,267.68474275035044,270.639533130993,266.9016296101586,267.41232147216795,136275400,247.43537399291992,254.54806001281736,-0.0005056860782817196,0.019481587430722452,0.30926061291872026,259.6306069946289,277.98830564704326,241.27290834221455
2025-05-29,270.624959688684,271.2627299335612,265.1323000361055,267.23401031494143,157229900,247.83334185791017,254.7634726753235,-0.0006668023232619946,0.01932358893489344,0.3067524645538052,260.86027900695797,277.6542801053971,244.06627790851883
2025-05-30,266.6068929890472,269.1685343353223,262.40242587849696,268.18429412841795,238348200,248.19790673828123,254.98550453948974,0.0035559987755922062,0.01803110157563546,0.286234863802058,261.81390060424803,277.9521895819219,245.67561162657412
2025-06-02,266.550877864319,273.8373717839883,265.8445769237398,273.0364486694336,141857200,248.66648440551754,255.2088194732666,0.018092612607255143,0.01810494132284245,0.2874070334499474,262.7944472503662,279.1681226112478,246.42077188948463
2025-06-03,272.87951938520274,274.94228083454266,270.4943557754738,271.76672515869143,159828600,249.03872860717772,255.42962897491455,-0.0046503809909987925,0.017231765791214815,0.27354580160438735,263.8102591705322,279.73535202770836,247.8851663133561
2025-06-04,272.52197100091024,278.15900915228787,271.8448270538654,276.9874755859375,138046300,249.36807318115237,255.65450936889647,0.01921041078225283,0.016652230907082097,0.2643459705273766,265.229433517456,280.49389530305626,249.96497173185577
2025-06-05,278.79988544981614,280.8037128690768,275.2485589759552,276.2738372802734,184624500,249.61006054687502,255.88213763427734,-0.0025764280646785043,0.01600732791896143,0.25410845296939816,266.6040695953369,280.5241968549215,252.6839423357523
2025-06-06,280.6417689253897,283.5371318252477,278.7396306707257,281.5739349365234,159470000,250.07876910400392,256.1282937011719,0.01918421848563656,0.01572180829725568,0.24957596948862223,268.1678598022461,281.38436989930364,254.9513497051885
2025-06-09,282.21422070745143,284.8788400003013,279.69069678472414,281.2198028564453,176705200,250.57248895263675,256.37242841339116,-0.0012576877194188096,0.015615093480541877,0.2478819242912389,269.76817977905273,280.90912349172964,258.6272360663758
2025-06-10,282.5447121260739,284.82587293423546,278.86887940178326,283.33204650878906,203136100,251.31816934204105,256.61909745788574,0.007511006091637018,0.015604708606436677,0.24771706952556444,270.69996337890626,283.10084480594986,258.29908195186266
2025-06-11,283.9307704108006,285.98820843107336,278.9472583717447,280.1078170776367,165368200,251.9931954650879,256.86153460693356,-0.011379684969918702,0.015897533279761678,0.2523655171057345,271.2176489257812,284.29810388799416,258.1371939635682
2025-06-12,279.53734172636507,280.6865869772847,277.35346801698654,279.6183029174805,120655200,252.60018896484377,257.10064219665526,-0.0017475919282200492,0.01580728685327146,0.2509328994985022,271.62421485900876,285.23465561444095,258.01377410357657
2025-06-13,277.1724982857787,280.6508325198297,274.8170960177146,276.4921905517578,139825600,253.1320206298828,257.3314441757202,-0.011179927540885037,0.015514053950657513,0.24627797147927344,272.07512908935547,285.70416244733076,258.4460957313802
2025-06-16,280.09956667005173,283.6053529464449,278.6350505700576,282.30580444335936,138542400,254.17359948730467,257.5955959472656,0.021026322226317173,0.01564146393486656,0.2483005422758563,272.81390060424803,286.9962570818234,258.6315441266727
2025-06-17,281.53781713894307,283.5864935943605,279.5301290943229,280.2654083251953,124902600,255.41478973388672,257.8586985778809,-0.0072276095143960495,0.01562744008385982,0.24807792054273275,273.4651432800293,287.7656166692049,259.16466989085365
2025-06-18,280.766704515834,282.69419885278563,278.64036702510464,279.20992584228514,151341000,256.59011694335936,258.11069901275636,-0.0037660105441392755,0.015436118182819841,0.24504077951966138,274.1618585205078,288.13640546170734,260.18731157930824
2025-06-20,281.3330434763337,282.6355766370695,273.4841856484592,275.701594543457,323844700,257.77983807373045,258.33402045440675,-0.01256520980851461,0.01572106067494941,0.2495641013524403,274.72785560607906,287.93016106822387,261.52555014393425
2025-06-23,276.1725751115726,280.03493092693293,272.84972348679577,278.93362884521486,188550100,258.4617326965332,258.59998233032223,0.011722943812167097,0.015785937015823426,0.2505939813359873,275.41593948364255,287.9381989322368,262.8936800350483
2025-06-24,281.6364104267107,284.59835841706644,280.1205098435358,283.10399627685547,173423300,259.4903973083496,258.8911138534546,0.014951110229719955,0.01583859637818609,0.2514299227980524,276.5153591156006,287.52028915407965,265.5104290771215
2025-06-25,284.2519803360557,286.7911068345198,281.526668437377,283.19970550537107,137545800,260.4704258728027,259.1713799438476,0.0003380709201363796,0.011490680936358985,0.1824089049143801,277.2979635620117,287.8338769863329,266.76205013769055
2025-06-26,284.97499264266366,289.75851454642725,283.2053114359984,288.78053588867186,173100400,261.5909448852539,259.51211617279057,0.01970634246720615,0.01152132314831904,0.1828953349491835,278.36637428283694,289.01452222008044,267.71822634559345
2025-06-27,289.6075495097667,293.8368594310929,287.98556000012184,292.8578857421875,360030600,262.83727761840817,259.8656845855713,0.014119198999919647,0.011699704542170588,0.18572705178909707,279.6475680541992,290.8096725163231,268.48546359207535
2025-06-30,295.8681673995376,297.95897110472924,290.95768352179897,293.6401397705078,262410600,264.24577697753904,260.22003730773923,0.0026711045404765876,0.011230369207101474,0.17827658432056878,280.9203603363037,292.3801311283702,269.4605895442372
2025-07-01,293.603999807564,295.034463747979,287.3392814975165,289.63453369140626,217317400,265.57765383911135,260.5366080322265,-0.013641207507366304,0.011634018958809831,0.1846843254793285,281.75026458740234,293.21008987452245,270.29043930028223
2025-07-02,288.938059402007,291.9052506640552,287.54577441432065,289.7039276123047,167789600,267.0221633605957,260.8332308578491,0.00023959132225703783,0.011621626920687056,0.18448760797266792,282.647124710083,293.6141433381978,271.68010608196823
2025-07-03,292.738537514468,294.59456154952966,289.6169556719151,292.13023986816404,114941600,268.367320526123,261.13995892333986,0.00837514449961585,0.011503907571040127,0.18261887123067172,283.4042629241943,294.8082446197745,272.00028122861414
2025-07-07,291.4569372182824,294.3417409355812,288.69074717380755,290.59693908691406,153202800,269.5340881652832,261.4371090621948,-0.005248689016042807,0.011546409493712344,0.18329356833646843,284.1204180145263,295.4376182558679,272.8032177731847
2025-07-08,291.59505754791536,292.2096114829652,287.19963129717536,289.478498840332,169679100,270.5539093017578,261.7208984603882,-0.003848768160106264,0.011618401847962291,0.18443641153032897,284.5156462097168,296.00912901961067,273.02216339982294
2025-07-09,290.2842604101028,295.35761219799645,289.055211054988,293.46141052246094,165193100,271.57122924804685,262.0207226486206,0.013758920604068026,0.011246288461100058,0.17852929464339634,285.1277265930176,297.17279080642027,273.08266237961493
2025-07-10,292.64010217068187,294.96584508038194,288.7553176853247,292.000178527832,156288200,272.55306817626956,262.2769776229859,-0.0049792986138362805,0.010653273638774797,0.16911547618150957,285.56113319396974,297.9529494199284,273.16931696801106
2025-07-11,290.97237144156145,293.3816730664387,287.407846250294,290.76788330078125,175012900,273.48422525024415,262.5226592025757,-0.004220186553527405,0.010716509377533247,0.1701193124138674,286.094136505127,298.4151584121743,273.77311459807964
2025-07-14,290.71041409633506,294.336795697095,289.4962937485257,291.6854019165039,143828700,274.46512188720703,262.77061785888674,0.003155501925821591,0.010695954991058068,0.16979302164407842,286.69749145507814,298.8641507577892,274.53083215236705
2025-07-15,292.7505461873375,294.0749249596926,289.1218907187005,289.87156829833987,150198400,275.28031600952147,263.00748177337647,-0.006218458675841587,0.010825814628806208,0.17185447948503751,287.3664603424072,298.6064950223453,276.1264256624691
2025-07-16,290.8839461418029,291.868472911906,286.52601659802394,287.9527420043945,165468200,275.97086053466796,263.23309011077885,-0.006619573989990246,0.010546996836003436,0.16742838423990108,287.648807220459,298.6344092426007,276.66320519831726
2025-07-17,288.24352420433524,289.89777733521726,285.941513740445,288.3628555297852,188418800,276.70910791015626,263.46122705841066,0.0014242390002467964,0.010476406019489293,0.1663077897678526,288.0536795806885,298.4759558163303,277.63140334504664
2025-07-18,288.6579503851079,289.88911554479967,284.7378034983541,288.61180267333987,240535700,277.50926419067383,263.6932044372559,0.0008633121041103919,0.009961812057909046,0.15813886387675144,288.5237734222412,298.07852430423793,278.9690225402445
2025-07-21,289.4112378492531,294.3726150504775,288.8926060026226,292.72058563232423,203158500,278.3880535888672,263.9350732498169,0.014236364975117821,0.010199377215760363,0.16191009384384178,289.3747229766846,296.9470502227041,281.8023957306651
2025-07-22,293.79057481303016,294.3661906991088,288.3366432553286,290.4946975708008,188099100,279.19198492431644,264.16892433929445,-0.007604139137379673,0.009806247367179333,0.15566935097003046,289.9527764129639,295.71875002498905,284.1868028009387
2025-07-23,291.1513336921643,293.1519747039394,289.28640688768144,291.8685928344727,187780700,280.0450887145996,264.41371199798584,0.004729502036218802,0.009817811838971615,0.15585293126846766,290.3910062408447,295.22170415525767,285.56030832643177
2025-07-24,294.0616734926186,297.38998796243254,291.7699088203034,293.28821868896483,213183400,280.6169255981445,264.66003234100344,0.004863921262323823,0.009771724004093301,0.1551213095711471,290.8954319000244,294.5209098693912,287.2699539306576
2025-07-25,293.8109312026214,295.3597602610571,292.11995852457096,292.92772369384767,143331500,281.08039794921876,264.88331372070314,-0.001229149253688444,0.009492960701117947,0.15069607932520465,291.10279129028316,294.6931847994909,287.51239778107544
2025-07-28,293.9494409571365,296.6124364899889,292.2209692097064,293.9801956176758,145483300,281.5302621765137,265.13955194854736,0.0035929406426826738,0.009479322411402605,0.1504795781878344,291.15890678405765,294.8968492668577,287.4209643012576
2025-07-29,294.80824138209493,296.6455767717186,288.9858016864504,290.07374114990233,167309100,281.98225888061523,265.3588603439331,-0.013288155209114305,0.009585429088072955,0.1521639694613141,290.9805868530274,294.55691616457096,287.4042575414838
2025-07-30,291.90287330051194,292.8386714972463,287.00621514489,288.9784057617188,167255500,282.4112195129394,265.57080326080325,-0.0037760584044643775,0.008901234397137144,0.14130271545791298,290.947780456543,294.58757422462656,287.30798668845944
2025-07-31,305.76468758387693,308.2474466778921,301.23383628704903,303.63164978027345,312345000,283.1390414123535,265.8611603851318,0.05070705535913711,0.01260832549157028,0.200150962197907,291.64416656494143,298.3337148556676,284.95461827421525
2025-08-01,297.8769741610696,300.78084501269547,291.6141355412201,293.49156799316404,319464200,283.70336035156254,266.0936426010132,-0.03339599740161281,0.01419669512399855,0.22536554842262066,291.7122329711914,298.45013412267446,284.9743318197083
2025-08-04,296.8476139045755,302.0622438310906,294.6371393509763,299.74095153808594,222795500,284.4105463256836,266.3537369155884,0.021293230288194964,0.014363405070843762,0.22801198678522006,292.16943359375,299.7738993848317,284.5649678026683
2025-08-05,299.9812494859747,302.9899705849069,296.3301129452522,296.9676696777344,165509800,285.0464606933594,266.6016143493652,-0.009252262148767953,0.014428938176124726,0.22905229258051152,292.5438921356201,300.32592380818255,284.7618604630577
2025-08-06,299.0788853914058,304.3162749993817,296.7802389958786,303.3300308227539,228224900,285.89074923706056,266.89427059173585,0.021424423580936658,0.014672695984905698,0.23292182783349843,293.03732315063473,302.19431122109313,283.88033508017634
2025-08-07,304.74631554323986,306.7680633398789,300.660531021595,302.9432434082031,192452800,286.5986617736816,267.18749642181393,-0.001275137227598755,0.01468348776792554,0.23309314207793927,293.5844763946533,303.73444241703714,283.4345103722694
2025-08-08,303.48364469564405,308.756714505508,302.0201834809849,307.8002105712891,231474100,287.40641955566406,267.49306715393067,0.01603259775145882,0.014548463788387976,0.23094970285261926,294.4360927581787,306.303806515088,282.56837900126936
2025-08-11,307.49218454071945,309.0350613286284,304.8945915077924,306.50809478759766,151452700,288.1919012451172,267.79046767425535,-0.004197904157678178,0.014416041031794977,0.22884755676139498,295.1772274017334,308.1239507288717,282.23050407459505
2025-08-12,308.4872369664536,314.17804688500445,307.0251375874393,312.44647827148435,160561000,289.0771449279785,268.1104599609375,0.01937431208138851,0.014776129422498325,0.2345637827522101,296.30597290039066,311.108387300795,281.5035584999863
2025-08-13,313.3963614926696,315.7640921362696,308.7559059698518,311.12998046875,171165500,289.83901556396484,268.4559568023682,-0.004213514615423075,0.01452627538468118,0.23059747286343313,297.4648348236084,313.118285811738,281.81138383547875
2025-08-14,311.4225432946914,316.02366444278243,309.5262517902396,313.43043823242186,185855700,290.67228982543946,268.8069444885254,0.007393880076121295,0.01454676572260716,0.23092274689402403,298.71821395874025,315.29041825416465,282.14600966331585
2025-08-15,314.6468824900596,318.18705783166223,311.8655972607741,314.179933166504,171672700,291.4161389770508,269.1514170761109,0.0023912640339236457,0.014507643868659484,0.230301706715784,299.9966204833985,317.218204457179,282.77503650961796
2025-08-18,312.0154641120904,313.3016850467569,307.283242782952,310.6180023193359,118876400,292.103022277832,269.4697846298218,-0.011337232175424705,0.01466196833894095,0.2327515317332432,300.891491317749,318.37908828748544,283.40389434801256
2025-08-19,310.17445189914025,310.6869536355442,304.09820908391333,305.6876754760742,142897500,292.58529708862307,269.7417995910645,-0.015872637150608493,0.014997096480678778,0.23807152605550821,301.6511402130127,318.5470753225258,284.7552051034996
2025-08-20,304.5248388966004,305.3859675483621,297.8284503207957,302.7378173828125,144065900,293.0156573791504,269.9979994125366,-0.009649908484755332,0.014969121769963808,0.23762744129020352,302.1946014404297,318.45285014693366,285.9363527339258
2025-08-21,301.99517508224966,302.97184391091935,298.41882547538546,300.3603210449219,111884600,293.3562228698731,270.27995720672607,-0.007853317958239403,0.01501878308098313,0.23841579016263487,302.54820655822755,318.2902775216257,286.8061355948294
2025-08-22,301.4546104846941,308.078897617347,299.44710147709424,306.66588439941404,164513800,293.8873842163086,270.58511949920654,0.020993330052903714,0.015414008173215726,0.24468979399827495,303.2351145935059,318.39791893633964,288.07231025067216
2025-08-25,306.1265634192404,309.405348399344,304.8523497808449,306.8162582397461,118526900,294.4313433227539,270.90260854339596,0.0004903507301654564,0.015414141739116888,0.24469191429122364,303.87691772460937,318.46608716234795,289.2877482868708
2025-08-26,305.9419921982629,307.9463329849458,304.19898178140346,307.4493789672852,136603400,295.05048709106444,271.2051050796509,0.002063517530561887,0.015339547189029525,0.24350776251907214,304.74569961547854,317.8697836596624,291.6216155712947
2025-08-27,306.5867546016646,308.4233362861884,304.2585196067862,306.4439193725586,100497300,295.53324938964846,271.487733039856,-0.0032703256650051804,0.015286166018289223,0.24266036270423824,305.6189752960205,316.44945568661325,294.78849490542774
2025-08-28,305.75438025058537,310.1056739266275,304.3839040443045,309.0834732055664,131064600,296.1096106872559,271.7505126876831,0.008613497172377471,0.015330059767685462,0.24335715437431407,305.89156646728514,316.7856871917764,294.9974457427939
2025-08-29,307.5614234474798,309.0447868706946,304.12611694614617,305.7969543457031,146514500,296.64135125732423,272.0038756637573,-0.010633110938537582,0.01551312677665094,0.2462632530482126,306.50683578491214,315.7111451628192,297.3025264070051
2025-09-02,300.48745450713926,304.3339483152921,298.1061871748535,303.6739303588867,162826400,297.20079797363286,272.2537776565552,-0.006942593628373239,0.015420825269314388,0.24479801204391907,306.70348472595214,315.4561261345567,297.95084331734756
2025-09-03,308.0999320103442,311.11892066009204,306.6434413669106,310.0238464355469,231401300,297.82260232543945,272.5290528488159,0.020910310177616243,0.015726326673847078,0.2496476964933657,307.35629356384277,314.91806716370644,299.7945199639791
2025-09-04,313.0936457240549,318.0340710003655,311.4154029867335,315.4863586425781,200299500,298.4702495727539,272.8319795761108,0.017619651745617748,0.01596950003358828,0.2535079539054733,307.964109954834,316.09598804573574,299.83223186393224
2025-09-05,316.2534442206478,318.5916745906423,313.309322430428,315.820263671875,171641500,299.122660736084,273.1415376358033,0.0010583818290386127,0.015966990741162937,0.25346812012312814,308.6079609680176,317.0972671067742,300.118654829261
2025-09-08,317.2017002621283,320.5971782233373,314.8912405551091,316.0008819580078,147660100,299.6670676574707,273.49139393615724,0.0005719021446972672,0.01595550831337456,0.2532858422328763,309.0179945373535,318.11356643175355,299.92242264295345
2025-09-09,317.0274663035144,321.2727473604147,315.0499245327313,319.9315368652344,164604700,300.2085406799317,273.8533979187012,0.01243874663536193,0.01605491494116182,0.2548638735276562,309.6891666412354,319.9156663041338,299.4626669783369
2025-09-10,319.11237412038,319.9149099448413,312.8087655139451,313.7076614379883,218977900,300.60989111328126,274.1692406082153,-0.019453772792232815,0.016307391094503326,0.25887180820995126,309.75222579956056,320.0654993805618,299.43895221855934
2025-09-11,314.6968797760213,316.42602354733816,311.0660113504822,313.4173416137695,183039800,301.0855472717285,274.48111780548095,-0.0009254470320807506,0.016276378836187915,0.2583795038713688,309.8665938568115,320.29429402961995,299.43889368400306
2025-09-12,312.8948851416609,316.3133419671366,310.1670948096604,314.58114166259764,167189600,301.58309155273434,274.81313346862794,0.003713259907176081,0.013542125142293089,0.2149745720989362,309.9241290283203,320.4468882232795,299.4013698333611
2025-09-15,316.80463093090714,322.8910853608437,314.9547276771022,320.0085906982422,173953400,302.1406585693359,275.17894930267335,0.017252938326054235,0.012157679340015522,0.19299717632009372,310.2155619049072,321.5278377333126,298.9032860765018
2025-09-16,321.0257365481477,325.54182008650423,319.64605903785014,323.5451736450196,171564200,302.79962326049804,275.54955876922605,0.011051525020190134,0.011762457057385836,0.18672321708551715,310.8619204711914,323.65177688712504,298.0720640552578
2025-09-17,324.2719387674806,325.5944343422984,319.014304296126,322.80785675048827,167430100,303.46621041870117,275.89736153411866,-0.0022788684690450145,0.011587407793658968,0.18394439617147962,311.7179295349121,325.31579764097575,298.1200614288485
2025-09-18,324.45635558209887,327.2013502234625,320.8993614709895,323.4953186035156,156066800,304.06688858032226,276.2545791320801,0.0021296317256576103,0.011043581279998847,0.17531141790243193,312.75580459594727,326.6335062641073,298.8781029277872
2025-09-19,326.0799967332693,329.0958926267097,321.41306630916245,325.61161346435546,390428700,304.7391172790527,276.6120898666382,0.0065419644091777585,0.01105081884652238,0.17542631070914325,314.0183692169189,327.74155580258963,300.2951826312482
2025-09-22,326.62261316628235,329.4863561504616,321.5354382115165,323.9905548095703,220897300,305.4035707092285,276.9344267654419,-0.0049785037994739545,0.010824931723551845,0.17184046379863183,314.88460273742675,328.83885905901667,300.9303464158368
2025-09-23,324.9068886250654,325.74541060336776,318.3850033790786,319.9808410644531,193723000,305.9694794921875,277.2099684143066,-0.012376020490702189,0.011080280853216754,0.17589400556617266,315.54283187866207,329.1317916403771,301.953872116947
2025-09-24,321.24762369517384,322.3482416416717,316.9545730752274,319.3147689819336,156572900,306.5583435058594,277.4730753097534,-0.0020815998867425023,0.010566937427127622,0.1677449313105624,316.1361013793945,329.2655647159121,303.00663804287694
2025-09-25,317.4632132792075,319.72797471829693,313.71063228881724,317.28585662841795,169017900,307.14500579833987,277.72947332763675,-0.006353957131342125,0.010608951334884724,0.1684118814197502,316.6781982421875,328.99271257587725,304.3636839084977
2025-09-26,317.33609536130524,319.4525923172186,314.2110475370593,316.49939117431643,135375900,307.7077365112305,277.95717139434817,-0.002478728369612049,0.010547335424227386,0.16743375916132563,317.04899414062504,328.8359345692633,305.26205371198677
2025-09-29,317.5198181724277,319.57019957396165,313.7848745062259,316.1216903686524,156471500,308.2579342651367,278.1914228668213,-0.0011933697700415857,0.01054405095822725,0.1673816198799696,317.5652309417725,328.116841606711,307.013620276834
2025-09-30,315.7027760705198,316.237054101165,310.0684945034749,313.5043212890625,175354800,308.6736089782715,278.397203453064,-0.008279625091646259,0.010442382592746088,0.16576768461237615,318.05675048828124,326.6104722667021,309.50302870986036
2025-10-01,309.6373548646426,312.594470864827,306.5425829482688,310.2819122314453,185827500,309.0693532714844,278.55715840148923,-0.010278675089285372,0.010189390931574442,0.1617515664969764,318.0696537780762,326.57298408231617,309.56632347383623
2025-10-02,311.4893991036931,313.5704538684817,308.5896716107151,312.8982925415039,167642400,309.489947265625,278.7364244995117,0.008432268227440254,0.010099803913628207,0.16032941667586267,317.9402504730225,326.6844652067961,309.1960357392489
2025-10-03,312.93838243078096,314.6951497276219,307.0979267736729,308.9567596435547,170572500,309.8033180847168,278.9104916763306,-0.012596850132783666,0.010281121490300795,0.163207743973066,317.59707527160646,327.18922680889415,308.00492373431877
2025-10-06,308.2057265582037,312.26583969275305,303.3615231546984,311.19946746826173,168590400,310.1687529602051,279.07602728271485,0.007258969919591518,0.009645931979626404,0.15312442308921853,317.3570045471191,327.3493530540497,307.36465604018855
2025-10-07,311.4887031258307,313.0682197217313,308.13064280219805,310.4427947998047,131485700,310.49800494384766,279.24333751678466,-0.0024314716044114837,0.009661128516658346,0.15336566063587395,316.8825674438477,327.2540836474996,306.51105124019574
2025-10-08,310.71393504791905,313.725325807265,308.8324385170301,312.6308135986328,143794600,310.9491463928223,279.4696689529419,0.007048057920748585,0.009732666596938264,0.15450129245402375,316.82872505187987,327.28050966175414,306.3769404420056
2025-10-09,312.5947725616867,316.8331810570458,308.740311261716,315.1771713256836,153584400,311.4731217041016,279.70448706817626,0.008144935228041605,0.009798935698371945,0.15555328182603118,316.9167165374756,327.27680493367615,306.5566281412751
2025-10-10,314.4728997885954,316.92552497417785,303.6737135067498,304.3234634399414,227325000,311.48695797729494,279.88541758728024,-0.03443684655233703,0.011625116952764332,0.18454301051433258,316.40383262634276,328.17085537233737,304.63680988034815
2025-10-13,307.6967357937056,310.7869918037168,305.3426361504686,309.10373840332034,134807400,311.79920138549807,280.0713771438599,0.015707875131758753,0.011822672935443163,0.1876791145154196,315.8585900115967,327.9289950558357,303.78818496735767
2025-10-14,305.7437921996745,309.858620918397,302.71227458526903,307.17015380859374,135709000,311.9477854309082,280.2293765563965,-0.0062554552226206095,0.011808561407058457,0.18745510094706985,315.0398390197754,327.1363632021035,302.9433148374473
2025-10-15,309.5474593378166,312.69480546295733,306.368709173986,309.96487579345705,137309600,312.20772955322263,280.40821549224853,0.009098286243671927,0.011288267535781483,0.17919569179465028,314.3976899719238,326.1155490941131,302.6798308497345
2025-10-16,310.0924995252751,313.5430536113705,305.11791009991174,307.96775970458987,147531800,312.3004841308594,280.591776298523,-0.006443039985594812,0.010843339660472342,0.17213268073808025,313.62131202697753,324.84849669251554,302.39412736143953
2025-10-17,306.9652764097385,311.4461815887008,305.2370036167852,310.2953536987305,166608900,312.4475263366699,280.8035350036621,0.007557914492001716,0.010945097077059988,0.1737480296481641,312.8554990386963,322.63519054468617,303.0758075327064
2025-10-20,312.4795132478422,318.5649894746522,312.0570223248674,317.4380401611328,200478200,312.64028292846683,281.06322120666505,0.02301899263801821,0.011759948749431067,0.18668339893115785,312.52787330627444,321.10157461325184,303.95417199929705
2025-10-21,318.2480478573387,320.54318875608715,314.36708773976795,317.7138717651368,217231900,312.86439846801755,281.31665733337405,0.000868930528502565,0.011532892412674026,0.18307899132719505,312.41452484130866,320.62562869814315,304.2034209844742
2025-10-22,316.0665522191126,318.2887860548375,310.49732985312414,313.8107131958008,280977700,312.8916831665039,281.53995669555667,-0.012285137402566093,0.011188634133617693,0.17761406056824625,312.13932205200194,319.7215286092936,304.5571154947103
2025-10-23,315.0426699001056,317.604477547134,313.4063527863688,315.0031509399414,162549300,312.9691465759277,281.7336214675903,0.003799863083057353,0.011207357176629858,0.17791127966182557,312.02518676757813,319.3453963965576,304.7049771385987
2025-10-24,316.702460553233,319.9428708097022,314.5806177879614,318.1282760620117,175025200,313.0631033325195,281.96505350494385,0.009920932894624146,0.01133053058212322,0.1798665968562597,312.10663101196286,319.66869016305117,304.54457186087456
2025-10-27,322.59213528439034,325.87838467539643,321.4043479195524,324.2199966430664,176622500,313.26390460205073,282.23551684570316,0.019148629780608495,0.011432379095076137,0.18148339187631066,312.5115463256836,321.6762532916942,303.34683935967297
2025-10-28,324.9392207969678,327.589728219442,322.2965056944994,324.6371704101563,170776200,313.5442879638672,282.517583114624,0.001286699683576753,0.011259283790829683,0.17873558910741558,313.0681887817383,323.7187083762132,302.41766918726336
2025-10-29,325.8393823573423,329.06109237575,322.0924974986689,326.4070190429687,207516800,313.95867483520504,282.8196619644165,0.005451774455082825,0.011289636811721699,0.1792174283763345,313.87444412231446,325.97898479702746,301.76990344760145
2025-10-30,313.04209987795014,316.3357367007151,305.27169326633486,309.4255844116211,377036500,314.0924301757812,283.0551764068603,-0.052025335365451064,0.014794341350653072,0.2348528881489647,313.7008087158203,325.96291160254026,301.43870582910034
2025-10-31,318.2629458055443,319.6308030178269,308.4092831182605,310.4199493408203,417394000,314.2936227416992,283.2549345474243,0.0032135834245574646,0.014745332691742835,0.23407489980757307,313.7739682006836,325.9339286806692,301.614007720698
2025-11-03,314.66782146753457,316.738719921347,307.757720181094,310.12139892578125,267616000,314.3627330322266,283.474431098938,-0.0009617629784202109,0.01473074212547725,0.233843281748615,313.72006477355956,325.9374995232843,301.5026300238348
2025-11-04,305.9340751492128,311.61434299947086,304.6800339795943,305.9363052368164,196974100,314.34513397216796,283.65990797424314,-0.013495017446269242,0.014761007840848219,0.23432373508535326,313.49474029541017,326.1258891200117,300.8635914708086
2025-11-05,306.6940925120109,311.5041998797591,304.09742243106166,309.3128921508789,171063000,314.3824042358399,283.85791986846925,0.011036895119226786,0.01493306089910579,0.23705499271209912,313.32884422302243,326.0942100096771,300.56347843636775
2025-11-06,308.76246916697363,310.9191506180441,302.7817211456786,304.47562103271486,194542600,314.34303826904295,284.01051498413085,-0.015638763339371198,0.015143638205113798,0.24039780381280595,312.79376670837405,326.1178348895898,299.4696985271583
2025-11-07,303.60124255755693,306.0161089946074,297.33438094849834,303.9945739746093,203153100,314.2412602844238,284.14488817596435,-0.0015799197862671477,0.015142033313950566,0.24037232695541053,312.77732223510736,326.14614388263925,299.4085005875755
2025-11-10,307.97612803022764,312.0911794006698,304.1751143071568,309.61546936035154,163520200,314.3176305847168,284.29634253692626,0.018490117478911827,0.015564249253859012,0.24707479721480136,312.802908782959,326.1440569633307,299.4617606025873
2025-11-11,308.4256306076636,311.4855024310113,306.2896807512702,310.55225524902346,130882700,314.45519708251953,284.4414835357666,0.003025643035883485,0.015508009778347187,0.24618202321838736,312.97201385498045,326.09652044124624,299.84750726871465
2025-11-12,311.0480922518782,311.98034322764863,303.2415999520671,305.11902770996096,168132300,314.3571007080078,284.5305575714111,-0.01749537299191639,0.015724246990413387,0.24961468254233798,312.72972145080564,326.2606030673295,299.1988398342818
2025-11-13,304.9742088611397,306.8200555509597,299.9805589490744,302.1775527954102,181616300,314.0909245910645,284.6020232009888,-0.009640417828503556,0.015718897365317973,0.2495297598766786,312.4402111053467,326.6317449501857,298.2486772605077
2025-11-14,298.0217490918859,303.53133703238507,295.1329724722852,300.13404388427733,186366300,313.7772001953125,284.6520713424683,-0.006762609903444461,0.015606678499133766,0.24774834060268033,311.93214561462406,327.1382869200287,296.72600430921943
2025-11-17,300.8220134386203,303.80308167285216,295.9940725577435,298.829899597168,200191500,313.4337805480957,284.6884860610962,-0.004345206129339307,0.015542549739050594,0.24673032809627835,311.0017385864258,327.04357740235315,294.95989977049845
2025-11-18,296.8840463734245,301.019037481193,291.1009232355344,296.51320495605466,224385600,312.9654139099121,284.71583278656004,-0.007752553021756814,0.015587001316839252,0.24743597501755774,309.94170524597166,326.89215486661317,292.99125562533015
2025-11-19,295.9354286357884,300.97808128736386,291.4161574383067,296.1791564941406,223571800,312.61484381103514,284.7187091293335,-0.0011265888207695474,0.015505281299760556,0.24613870996360063,309.06012741088864,326.97016113014655,291.15009369163073
2025-11-20,302.6709468551718,304.6972932895721,291.32547081632845,292.83897094726564,215679300,312.2032763977051,284.7237642211914,-0.011277584778120797,0.015486272051775642,0.24583694750693,307.9519184112549,327.01910188543985,288.88473493706994
2025-11-21,293.77392531743664,300.11151742511004,291.3838934334685,297.375341796875,263944300,311.85916040039064,284.7402917098999,0.01549100802715997,0.01457270083942585,0.23133445410997802,306.91427169799806,325.908284940927,287.92025845506913
2025-11-24,300.79869513379134,308.97690640002986,300.0322342078378,307.430419921875,291542500,311.6075969848633,284.8262072906494,0.03381275012327101,0.015611980308835474,0.24783250422249617,306.0747928619385,323.24486081622547,288.9047249076515
2025-11-25,310.8554180836158,315.86246092543223,307.03172297012605,313.391667175293,235261200,311.40452685546876,284.9323167266846,0.019390557560741373,0.01595943976731247,0.25334825212934,305.5125177001953,320.7510083127685,290.27402708762213
2025-11-26,313.6141248945649,315.4662931782025,311.0664260689697,312.5369415283203,166463200,311.1991085510254,285.0303019561768,-0.0027273400555816174,0.01589313016426409,0.25229561981413146,304.8190138244629,317.011750859711,292.6262767892148
2025-11-28,314.1296491564128,318.2667978443075,312.204137952266,316.8004119873047,92501300,311.06521041870116,285.1434393920898,0.013641492868445626,0.016017529596270966,0.25427039957609876,305.1877552032471,318.37277443940184,292.00273596709235
2025-12-01,314.24984062994344,317.98988951744377,312.52604737696146,315.6236434936524,168578000,310.8654510192871,285.23730632781985,-0.003714542182159275,0.015992235316052785,0.2538688653258006,305.4479399108887,319.2582371026996,291.6376427190778
2025-12-02,316.5077316445838,319.71075058084773,314.3882887377141,317.8172561645508,172713500,310.74198504638673,285.33213011169437,0.006950089817788108,0.015479540036964322,0.24573008008485106,305.83273277282717,320.58784193246845,291.0776236131859
2025-12-03,316.53305487621367,319.09777982519813,312.7701917460424,315.1914749145508,185599800,310.6461977233887,285.4398948516846,-0.008261921588803012,0.01555463713533323,0.24692220956365118,306.2954912567139,321.63330376058275,290.957678752845
2025-12-04,322.9555300130589,323.3190437272641,315.6212071985092,317.6715545654297,202566900,310.6133334350586,285.56997121429447,0.007868485819774396,0.015447192534261023,0.24521657939872954,306.7134243774414,322.83302398914657,290.59382476573626
2025-12-05,317.8590041242648,322.2275512103546,316.4156129191707,319.8746597290039,263806400,310.6651094970703,285.7253229293823,0.00693516662701521,0.01548068910122578,0.24574832091450857,307.48337631225587,324.59355129569815,290.3732013288136
2025-12-08,318.6681690013714,320.7742025113731,314.0815580182333,315.69447174072263,221207700,310.6490111083984,285.88458805847165,-0.013068206127433424,0.015573562971185532,0.2472226478937665,308.0683712005615,325.47379614934306,290.66294625177994
2025-12-09,314.9129033107458,316.9372180983022,311.83081468342743,314.4522079467773,152971700,310.61562145996095,286.05717906951907,-0.00393501915664074,0.015152371487840708,0.24053644037815367,308.3102081298828,325.93911406187306,290.6813021978926
2025-12-10,313.10311557024835,316.27282122381985,310.3587081003322,314.0067337036133,196298100,310.62566970825196,286.2430123138428,-0.0014166675631657188,0.015146912310006394,0.24044977861667882,308.48293205261234,326.2713019845184,290.6945621207063
2025-12-11,312.70524539117486,315.8644772849031,308.2302619110704,312.79443359375,160857000,310.6759201354981,286.4131578826905,-0.0038607455819962277,0.015105558114128908,0.23979330110891353,308.8667023468018,326.68066256315603,291.05274213044754
2025-12-12,312.64197524930086,325.6634277307024,307.4512876530493,309.929248046875,174452200,310.6165392456055,286.5999049911499,-0.00915996334703395,0.011810700464023384,0.18748905742368624,309.254287109375,326.79060395835467,291.71797026039536
2025-12-15,311.61940944107744,313.165621665809,305.69547571357714,308.6289596557617,182412700,310.6099832458496,286.75867674255375,-0.004195436214256887,0.011821265527451582,0.18765677260618605,309.67903289794924,326.6888471499946,292.66921864590387
2025-12-16,307.0410036384751,312.8695030087784,305.8106356274883,310.486393737793,156106600,310.5957217712402,286.95479423522954,0.006018340223493679,0.011872823997987307,0.18847523795228432,310.2618576049805,326.4871783273851,294.0365368825759
2025-12-17,311.24840342472135,312.9908563937573,305.88614472316385,306.2276443481445,204174800,310.51141876220703,287.1441140289307,-0.0137163800911837,0.011881634360111703,0.18861509811513377,310.74757957458496,325.7775203238041,295.71763882536584
2025-12-18,310.0148733295311,314.0270378149712,307.5297539580135,311.36554260253905,192926100,310.4861133422852,287.33445435333255,0.01677803539040834,0.012107951135157951,0.19220776554090088,311.5068988800049,324.8811272472818,298.13267051272794
2025-12-19,311.5188428762348,314.8910232797513,309.01459212344946,311.66184997558594,419086900,310.4158069152832,287.5718431015015,0.0009516382916689992,0.01172821566349963,0.1861796518089145,312.4480428314209,322.536596676872,302.35948898596973
2025-12-22,312.93375029998685,315.740974329664,309.81337588159,312.17488861083984,150407200,310.5728354187012,287.8118108291626,0.0016461387086488255,0.011720012414011141,0.18604942926037954,313.18802017211914,320.3755361217022,306.00050422253605
2025-12-23,311.9897473028701,315.3277302181841,310.83348987035976,314.84657897949216,118733900,310.6876922302246,288.1190746536255,0.008558312875648566,0.011341673427713257,0.1800434840462327,313.55882812500005,320.2432596390512,306.8743966109489
2025-12-24,314.3656761564489,316.44896641262375,313.4550318172785,315.68055725097656,57483900,310.8579002990723,288.42636122131347,0.0026488401880928603,0.011339126263903265,0.18000304907429399,313.6732726287842,320.42370431830443,306.922840939264
2025-12-26,315.8299719015316,316.8026216236307,313.57298757888907,314.82720642089845,77617600,310.9551469116211,288.7116329193115,-0.0027032099712104296,0.010835194511924301,0.17200338051338146,313.7877858734131,320.5347556749488,307.0408160718774
2025-12-29,312.9931333306501,314.6300421792237,311.74747013183986,313.8373550415039,96135100,311.07253881835936,289.04024631500243,-0.0031441100362565866,0.010676883606692396,0.16949027280294265,313.6396330261231,320.2365248431371,307.04274120910907
2025-12-30,313.1382661169538,317.3848938818745,312.6170073152872,315.2258666992187,94040500,311.1711490783692,289.345054649353,0.004424303338687041,0.010579866383317522,0.16795017212730315,313.61974418640136,320.1938095188401,307.0456788539626
2025-12-31,314.8228848043283,315.49974338614464,312.5828687745915,313.2978744506836,99490600,311.0883457641601,289.64260556030274,-0.006116224752503507,0.010619571445860456,0.16858047045497634,313.393775100708,319.6640112919003,307.12353890951573
2026-01-02,314.8607825513713,318.2467335734235,307.0709799171226,310.2084671020508,176185600,310.93823767089845,289.9569698104859,-0.009860926615124832,0.010690553333396075,0.16970727298703156,313.144624710083,319.5093844000271,306.7798650201389
2026-01-05,311.209406767974,315.7274484302261,308.70869767433106,312.815675354004,176973100,310.91833691406254,290.2712679367065,0.008404697255073534,0.010749394014133296,0.17064133983625818,312.90183074951176,318.8993639914519,306.90429750757164
2026-01-06,312.71544986561986,317.15433131202644,308.9238353706146,313.1762222290039,191734300,310.8817983398438,290.5891112213135,0.0011525857027205877,0.010460472902238257,0.16605485937271494,312.56690887451174,317.5946407509942,307.5391769980293
2026-01-07,312.2723340166392,316.7296911985791,309.0838001384226,312.0585006713867,175022700,310.7604028320313,290.883631149292,-0.0035689860158025777,0.010206981296272772,0.16203080487975266,312.38511032104486,317.194897104624,307.57532353746575
2026-01-08,312.4770248738967,314.2726428163366,308.28585677559994,312.8732086181641,173815600,310.5334670715332,291.1453959579468,0.002610753897184459,0.008212274309781378,0.13036581313155682,312.30616035461424,317.0240416297752,307.5882790794533
2026-01-09,312.64287165965953,316.1739226204435,310.4902510360227,314.9642288208008,167985600,310.3400082397461,291.3993447570801,0.006683283020211039,0.00750813260661061,0.11918791012552094,312.3540351104736,317.1631264156357,307.5449438053115
2026-01-12,314.1796841090164,317.1105726408101,311.069070832608,313.39215087890625,166143300,310.07971087646484,291.6756129760742,-0.004991290432505013,0.007549770805016695,0.11984889603366054,312.38392097473144,317.2119275665058,307.5559143829571
2026-01-13,313.7816434091991,316.07181025741363,308.49566043660656,311.6097213745117,180871700,310.12339361572265,291.95099253082276,-0.005687537161973344,0.007171210904861348,0.1138394439207456,312.46794464111326,317.1730055814091,307.76288370081744
2026-01-14,310.0952686930024,311.3344412481671,304.6525603863698,306.7163543701172,175221200,310.0493217163086,292.25433416748047,-0.01570351201756437,0.007671641005399103,0.12178352548830931,312.372314376831,317.4674859740703,307.2771427795917
2026-01-15,308.4317602967638,310.09461586870503,304.71058049886176,307.0157867431641,160855800,309.9872094726563,292.55763054656984,0.0009762517348050892,0.00753651475869083,0.11963846282198341,312.1987840270996,317.77782583528756,306.6197422189116
2026-01-16,308.19358191468234,309.5484356896012,304.7959136611456,305.9946014404297,223515700,309.98837539672854,292.84126041412355,-0.003326165450862284,0.007428427493739583,0.11792263068425851,312.18713188171387,317.81940295149275,306.554860811935
2026-01-20,300.2680246354662,303.2024418823477,295.4772951600252,297.6467910766602,288265700,309.75505337524413,293.0799913330078,-0.02728090732474775,0.008658134708179187,0.13744362753323353,311.50119430542,320.10985655589997,302.89253205494
2026-01-21,297.4227770593927,303.53882195869903,294.118723417648,300.5552612304688,279739800,309.6766461791992,293.4316333312988,0.009771548832385957,0.00877525110763227,0.1393027927376345,310.94586486816405,320.84682587668055,301.04490385964755
2026-01-22,305.8256285444116,312.9023496232806,302.8818488031904,308.2842269897461,188383200,309.762439239502,293.8820249862671,0.025715622902873436,0.00988124037319924,0.15685982803401752,310.7513317871094,320.70337301313094,300.79929056108784
2026-01-23,307.9995075418213,314.66074707038365,306.2950619718059,311.40169830322264,190065600,309.79816381835934,294.3368156509399,0.01011232830144193,0.010056108783279094,0.15963577798541284,310.5790877532959,320.350295819273,300.80787968731875
2026-01-26,313.6585916056112,318.4975089765676,311.59378646105904,316.4166290283203,172106100,309.91545129394535,294.83782110595706,0.016104378211240444,0.010487129116958352,0.16647801366297724,310.6158913421631,320.4731698776008,300.75861280672535
2026-01-27,318.2026395402478,320.8109967422057,315.05098184470955,318.59425964355466,160401900,310.1849559326172,295.2065979156494,0.00688216236271022,0.010523224583458174,0.16705101142986956,310.80424400329593,321.13302716040096,300.4754608461909
2026-01-28,319.42521009562046,321.0463458409582,315.06682686900984,317.15285034179686,173077300,310.48446188354495,295.6340083389282,-0.00452427894768237,0.010407359997399734,0.16521171814704913,310.9700187683105,321.6056419438041,300.334395592817
2026-01-29,331.9210786914184,334.0080389878599,321.8871516575946,331.29527282714844,256399200,311.10768646240234,296.1194933166504,0.04459181896082676,0.013068114521820152,0.2074498867754873,311.7734890747071,325.6859651254948,297.8610130239193
2026-01-30,328.48783148560005,331.6397766325537,323.0635981922238,326.7139205932617,239552000,311.66536688232424,296.5892899932862,-0.013828607316944797,0.013379733107823897,0.21239667847031632,312.44429138183597,327.8769220907143,297.01166067295765
2026-02-02,325.8992664851841,332.8528022898623,323.2176398011769,328.52315826416014,199276100,312.30556594848633,297.0791995391846,0.005537681613361212,0.013068677295585465,0.20745882053205175,313.3600259399414,330.33089004178356,296.38916183809926
2026-02-03,329.5796949263263,332.6846507240709,320.68314645314115,323.2565551757813,218282400,312.84711392211915,297.57940645599365,-0.016031147138017232,0.013198483641356897,0.2095194323891074,313.8820699310303,331.41545438534285,296.3486854767177
2026-02-04,323.7318146825886,325.6395081111194,315.2458412871735,317.7110137939453,278310000,313.3445547790527,298.05275807189946,-0.01715523256386986,0.013623709638353155,0.21626968582341696,314.10880950927736,331.7208707647023,296.49674825385245
2026-02-05,311.4529861581209,320.02908693619526,306.2190563583522,315.56339874267576,316629900,313.7083159179688,298.54318280792234,-0.006759649360668418,0.013690492497413581,0.21732983084491156,314.2840544128418,331.8799581280799,296.68815069760365
2026-02-06,310.0827318148187,314.8160989837775,304.2554131639903,310.3759429931641,350358200,313.7672263793946,298.97070061492917,-0.016438711745977108,0.013938413068075247,0.22126544789411945,314.1591911315918,331.83252050621036,296.48586175697324
2026-02-09,310.0697889146703,316.26872451235784,305.633699962626,312.69843139648435,232479600,313.75336166381834,299.3728999862671,0.007482823510491787,0.014002470480890554,0.22228232779775647,314.04590126037596,331.72654934653946,296.36525317421246
2026-02-10,312.425432817007,314.4274305473038,308.6046021686993,309.8643173217773,194773500,313.6999091796875,299.729784362793,-0.00906340995076349,0.01408920787828569,0.22365924129501555,313.8695095825195,331.6477412673699,296.09127789766916
2026-02-11,310.97013898973654,313.7386706416925,304.07451897043575,307.2076889038086,218047300,313.5080547180176,300.052845741272,-0.008573521601101142,0.014159909767252777,0.22478159898759204,313.6494079589844,331.6530072848363,295.6458086331325
2026-02-12,307.5805611065904,309.645812394801,296.5466424179196,298.65306091308594,301290100,313.1686430664063,300.33156988525394,-0.02784639935689004,0.014966639131818957,0.23758803063144368,313.2462432861328,332.23758704194256,294.2548995303231
2026-02-13,297.4278624949567,299.57818615274925,292.77316697464414,294.8476028442383,215740500,312.70925,300.58475775146485,-0.012742069534506184,0.01508263239339724,0.2394293665748161,312.6378340911865,333.1854734753884,292.0901947069846
2026-02-17,293.99114439066153,298.0449073122929,289.8490022201042,296.12839965820314,216232100,312.327988494873,300.852196899414,0.004343928190732038,0.015047407929966353,0.2388701955529932,312.1445240020752,333.8071905950616,290.4818574090887
2026-02-18,295.23929462153103,299.93112112379487,293.39493862613455,298.1936996459961,158221000,311.93843139648436,301.09760608673093,0.006974339476310876,0.015017380210497488,0.238393520284075,312.17186943054196,333.7587276325182,290.58501122856575
2026-02-19,296.36929714407825,299.75078049728825,294.70583439934273,297.47242736816406,132524200,311.4903867492676,301.31784064483645,-0.0024188045511636114,0.015009895489010749,0.23827470401395606,312.01772773742675,333.9943513995827,290.0411040752708
2026-02-20,296.3310628453199,306.3661169560219,295.659986280588,304.24671630859376,207757700,311.261431640625,301.58182179260257,0.022772829738756162,0.01564796930757394,0.24840381186607335,311.81585220336916,334.00997877212484,289.6217256346135
2026-02-23,303.6411152068588,306.02417150001884,296.933221040566,298.6989486694336,169281600,310.94636645507813,301.8322965927124,-0.01823443719120743,0.015954453463064802,0.2532690970033362,311.1807147216797,334.13864008029066,288.2227893630687
2026-02-24,297.9908819282395,302.80157337844247,295.6788167222077,301.2420150756836,156982100,310.69107208251955,302.0946010894775,0.008513811038097563,0.01598998134931868,0.25383308471314947,310.4219840240479,333.6527014666298,287.191266581466
2026-02-25,302.70402368688565,306.8784530107828,301.61549437075047,306.27708740234374,185674300,310.5607251586914,302.37449587249756,0.01671437606535453,0.016307958413647648,0.2588808141221705,309.8061254119873,332.7762343587013,286.8360164652733
2026-02-26,305.86055384159806,309.0005790294209,301.2135936330566,305.41599426269534,212813300,310.4704600830078,302.6555088272095,-0.00281148402889575,0.016285684918670006,0.258527233350936,309.21928260803224,331.9980088033973,286.4405564126672
2026-02-27,303.76025995859925,307.7879816508882,299.578657031291,305.52393951416013,390899900,310.4083596801758,302.85964665222167,0.00035343679929211724,0.016032082037145023,0.2545014124132291,307.9307159423828,328.2322967936452,287.62913509112036
2026-03-02,299.98353479682254,307.9983241636055,298.39643984695806,305.5070098876953,212350600,310.30877200317383,303.0384111709595,-5.541178374357525e-05,0.01603100832470701,0.25448436775668565,306.8703704071045,325.15646693761914,288.5842738765898
2026-03-03,301.3512529907776,306.6849090401928,298.1620350431372,305.2197326660156,188663600,310.28861376953125,303.20707491302494,-0.0009403293946849134,0.016020061372198007,0.2543105902729685,305.70519912719726,320.8885709236892,290.5218273307053
2026-03-04,306.0662017565994,311.77705480545137,304.8483236065105,309.21784057617185,187484800,310.2456597290039,303.4157945861816,0.013099113465678602,0.015326869849745003,0.24330651599687514,305.00326339721676,317.89532114158277,292.11120565285074
2026-03-05,307.49748823574174,310.6886082886893,303.306673159004,307.42120666503905,213098700,310.160846862793,303.6152487487793,-0.005810253081727446,0.015296851377735312,0.24282998752682036,304.48877304077143,315.99199912522425,292.9855469563186
2026-03-06,302.8481476016394,304.65155338993344,298.5860617873725,302.0751693725586,172205300,309.9588524780273,303.7894218215942,-0.017389943102739114,0.014901529878464666,0.23655445327689636,303.8143615722656,314.1010062691074,293.52771687542383
2026-03-09,298.1059679620688,305.1902753510652,295.16086191781096,304.58702545166017,184252200,309.7536614074707,303.985978843689,0.008315334505378136,0.014860659368603042,0.23590565404659475,303.52491569519043,313.3495743739048,293.7002570164761
2026-03-10,305.37271637598406,308.7767058329954,303.54745780420643,306.13710632324216,140395800,309.562792388916,304.194756111145,0.0050891231144316595,0.014566060555300695,0.2312290428673982,303.19684944152834,312.1294180171036,294.2642808659531
2026-03-11,306.6387190526306,309.0249516872201,303.47275587083175,305.87627868652345,127484000,309.3837738342285,304.3982777481079,-0.0008519961524798836,0.014490017106655869,0.23002189054369868,302.9974475097656,311.46950936014866,294.52538565938255
2026-03-12,303.3946539514073,305.19558833169947,298.3337706644189,299.7719177246093,155896200,309.1024650878906,304.5915593185425,-0.0199569609913105,0.014878769154147238,0.23619313797967467,302.62565895080564,310.9714562181574,294.2798616834539
2026-03-13,297.6384949434935,299.3953018918163,291.5176056814958,293.33880310058595,145119500,308.66472381591797,304.72051525115967,-0.0214600309223536,0.01247441412804416,0.19802518520421294,302.3599460601807,311.5354359136215,293.18445620673987
2026-03-16,298.0961459422512,300.4060338662049,295.1843110216914,298.17315368652345,147869900,308.36222940063476,304.87431941223144,0.01648043332432847,0.012869732906033299,0.20430067625513224,302.5262236022949,311.23727686033675,293.8151703442531
2026-03-17,298.60484162594275,302.6417581747297,296.78536601134664,299.0929595947265,136070000,308.1399192504883,305.03361415863037,0.0030848045735534235,0.012821572624931424,0.20353615549393309,302.6744515991211,311.0203595387713,294.3285436594709
2026-03-18,296.94611064486054,299.7263346414333,294.2205707569045,295.1996826171875,133218900,307.78759939575195,305.1686911010742,-0.01301694624579075,0.01272775803762191,0.2020468950897063,302.5247507476806,311.305161698628,293.74433979673324
2026-03-19,293.012005201788,295.1758388431344,289.37855401727103,292.2852554321289,149797500,307.36978005981445,305.2649351348877,-0.009872731431212145,0.012515025682299168,0.19866987364170027,302.2653921508789,311.93553212017014,292.5952521815876
2026-03-20,290.7650985565738,291.34438300620167,284.9431638142867,287.60157623291013,279282700,306.8806415710449,305.3441093902588,-0.016024343042190692,0.01273108442351905,0.20209969982879708,301.43313514709473,313.05370629732266,289.8125639968668
2026-03-23,292.3670184830144,294.82487416315473,289.9489568678445,291.8545150756836,162104300,306.4602677001953,305.41844458770754,0.014787606168504608,0.012871007295404432,0.20432090655922913,301.0909134674072,313.4313546779792,288.75047225683517
2026-03-24,289.5093254212695,291.3969051408223,285.30458394981986,286.26715393066405,157045700,305.8863262023926,305.4684111709595,-0.019144336840465348,0.0131125980725359,0.2081560412512493,300.3421704101562,314.3487065973988,286.3356342229136
2026-03-25,289.5415329012932,291.6808863936017,286.7112980593882,288.12000427246096,136456800,305.38088327026367,305.50114151763916,0.006472451751295516,0.013165673344767181,0.20899858507779542,299.43431625366213,314.156613255761,284.7120192515633
2026-03-26,284.5691687542447,286.9772506117238,273.8053958615113,276.09460601806643,222925400,304.67058096313474,305.47551553344726,-0.04173746382088317,0.01497523189474974,0.2377244365141824,297.96824684143064,315.71214452921254,280.22434915364875
2026-03-27,274.1177040525748,275.7814219221673,266.49741711422183,267.989176940918,214524100,303.8960374145508,305.3988011856079,-0.0293574336494572,0.01506242544773343,0.23910859125692024,296.0915087127686,317.93656726395363,274.24645016158354
2026-03-30,271.07856845947606,272.81702264695184,267.3359349794497,269.74651489257815,176131500,303.15065197753904,305.34699467468266,0.006557495984427675,0.015065967032770631,0.2391648121764528,294.3034839630127,318.6180784828019,269.9888894432235
2026-03-31,274.4162666453544,284.3989525286282,273.2818954066099,283.2222213745117,239111900,302.6952043762207,305.36501426696776,0.049956925253696216,0.017859660952879275,0.28351332828749654,293.2036083984375,317.4290105788017,268.9782062180733
2026-04-01,286.0305685058356,291.6371570643304,283.6431071947643,287.3107025146484,177746700,302.48848260498045,305.41910682678224,0.014435594496416293,0.018030432907252786,0.2862242490205572,292.1082514953613,315.24131099634997,268.9751919943726
2026-04-02,282.1913892846688,288.3626058478003,279.6211429603716,286.5546417236328,134995400,302.2084702148437,305.4403510131836,-0.002631509318651526,0.018031018662654417,0.28623354759928815,291.064923248291,313.14846276130106,268.98138373528093
2026-04-06,287.80328328996427,291.87433848087846,285.8794168660908,288.35502166748046,118205900,301.8098861083984,305.48079907989506,0.006282850394669248,0.017522707590890682,0.27816435949200286,290.37891586303715,311.86672798729904,268.89110373877526
2026-04-07,287.86949699316665,289.8178200224212,282.7471124577247,288.9568832397461,148105500,301.3609898071289,305.52953386688233,0.0020872241752032394,0.017249687316884338,0.27383029700460587,289.59740875244137,310.01997399874176,269.174843506141
2026-04-08,301.422808723113,307.2677304152448,295.71569213731334,301.4752166748047,188666800,301.0621615600586,305.6584019775391,0.043322496057905724,0.01899171222685201,0.30148408514133074,289.3643142700195,309.0864345144206,269.64219402561844
2026-04-09,304.9625409772232,310.4692841371513,302.11415612215507,308.2268890380859,171925700,300.85481414794924,305.8048682785035,0.022395447419361503,0.01918936003088316,0.30462164676119746,289.48184478759765,309.64144543880724,269.32224413638806
2026-04-10,310.05859946837177,312.8299599515053,306.8833427687202,309.40669403076174,146421600,300.6998910217285,305.93638176727296,0.0038277159931041638,0.019189465303311233,0.304623317909185,289.96358360290526,311.56727572433135,268.35989148147917
2026-04-13,308.9831317742995,311.70596871564567,306.48438841146145,311.2285675048828,132849000,300.2985569152832,306.07652607727056,0.005888280729763107,0.019213506076532418,0.30500495335279876,290.85807182312016,314.44095115377144,267.2751924924689
2026-04-14,314.038681264412,323.6417275789808,312.63499582618795,321.50421447753905,207130000,300.1943627929688,306.24014447021483,0.033016400310023064,0.02009175500794033,0.3189467229230801,292.0246248626709,319.1701649840408,264.879084741301
2026-04-15,322.2529260774525,327.7548519260604,320.6324844114656,325.859358215332,170853800,300.1410867919922,306.4051518325806,0.013546148204838682,0.020195033289606146,0.3205862148178111,293.36294479370116,324.3440510078193,262.381838579583
2026-04-16,327.0932898539804,328.30234633414454,322.4671334997553,326.3468765258789,180233400,300.2028932189941,306.56868551635745,0.001496100382744725,0.020093513588545938,0.3189746395247375,294.92030448913573,329.24153081353705,260.5990781647344
2026-04-17,326.5026184790794,331.79313748258335,324.2502479875849,329.2490478515625,281289600,300.4336539001465,306.7667580871582,0.00889290363854145,0.02007592713972631,0.3186954633046085,296.76849411010744,334.32112182042295,259.21586639979193
2026-04-20,327.34171050355235,328.9514532643983,322.3533334903424,324.4871490478516,170669800,300.61212890625,306.94067419433594,-0.014462908350938553,0.01998291227154664,0.31721889804799935,298.6127727508545,337.8548378605688,259.3707076411402
2026-04-21,325.4456076304358,327.2029523868533,320.70461521477336,321.5515960693359,186878400,300.8356419677734,307.0877809753418,-0.009046746495599334,0.02006235746936408,0.31848005146569897,300.0976268005371,340.4933878843357,259.70186571673855
2026-04-22,324.5299369386313,327.93176054187285,322.5703189277948,326.7493392944336,142517200,301.11666012573244,307.2685429763794,0.01616456981907466,0.020222392119548842,0.3210205227789516,302.12173606872557,343.640849287563,260.6026228498881
2026-04-23,325.46597567366587,327.7315165988889,320.8000746737263,323.46668853759763,139660000,301.3887075500488,307.43848392486575,-0.010046388353605717,0.02034224103017817,0.32292306525351483,303.8890702819824,345.9048911617427,261.87324940222214
2026-04-24,324.46456165431755,330.9398450015232,321.27071883739944,328.97071533203126,164262100,301.8239680786133,307.6160304489136,0.017015745328576193,0.020080371925036283,0.3187660220839761,306.5328757476807,347.8329999932945,265.2327515020669
2026-04-27,327.3054757991812,331.78893450818725,325.6467078877662,329.3972366333008,157463100,302.43885159301755,307.80301573944087,0.0012965327349550027,0.0195353326873349,0.31011379241759557,309.6032787322998,347.8564273170749,271.35013014752474
2026-04-28,328.589495406316,331.0228735105402,325.00236309020374,328.3467727661133,154072300,303.10883499145507,307.99091018676756,-0.0031890488151147256,0.019433758598555836,0.3085013537462512,312.5332916259766,346.6900462874217,278.37653696453145
2026-04-29,326.2392742784928,331.55417567786264,324.31604626583123,328.4656936645508,182861700,303.755580871582,308.1748116455078,0.0003621808048719366,0.01944163650298448,0.3086264116020743,314.7954652404785,346.6969665380984,282.8939639428586
2026-04-30,325.2806630946243,329.75125302020416,315.786169505929,324.94422912597656,358551100,304.29059146118163,308.350174949646,-0.010720950791806572,0.019379571726987253,0.3076411638272808,316.6771415710449,346.09562337021276,287.25865977187703
2026-05-01,326.6313931807928,331.7657159160038,323.233144414466,326.5759765625,212656700,304.87266244506833,308.54329112243653,0.005021623067172021,0.019218311950855552,0.30508124424254623,318.6782083129883,344.7203206212613,292.63609600471534
2026-05-04,326.4224404181322,329.6815882479386,323.0193732317886,326.3091812133789,164183400,305.31391174316406,308.7330227508545,-0.000816947259652534,0.01887259047039333,0.2995930858813695,320.5759162902832,342.52379882447997,298.62803375608644
2026-05-05,328.3414113050538,331.90669972359484,323.766549121481,327.3971466064453,184231400,305.88787570190425,308.92694947052,0.0033341550152550248,0.01877055322645573,0.2979732948498176,322.49792945861816,338.7913158555642,306.2045430616721
2026-05-06,327.0478562437719,334.42181171138884,325.76953301644846,331.92686920166017,196044500,306.50157278442384,309.12298088836667,0.01383555917382484,0.018328437253510528,0.2909549213594434,324.02051208496096,337.4885161658795,310.5525080040424
2026-05-07,333.01312683145443,336.2305541462829,329.7145682511272,331.9195495605469,148485700,307.01442202758784,309.3301051483154,-2.205196925120223e-05,0.018350090439092283,0.2912986550242933,325.20514511108394,336.87136302615903,313.53892719600884
2026-05-08,331.89744217655937,334.69797365058685,329.50673085725896,332.37122344970703,158659400,307.5535266113281,309.5326183013916,0.0013607932698094238,0.016126071647821268,0.25599345122726785,326.35337158203123,335.7775418930857,316.92920127097676
2026-05-11,328.95892159048753,331.08353337300304,325.7207374840581,326.5719940185547,167674800,307.974487701416,309.6990371780396,-0.017448049114967557,0.015345006535407286,0.24359442695609124,327.1205429077148,333.300105901708,320.94097991372166
2026-05-12,325.11773077197165,328.5179053652323,322.9256176952566,327.37254028320314,163450000,308.4117983093262,309.87126126098633,0.00245136227022269,0.015364840168721411,0.24390927612415536,327.413959197998,332.99940531480905,321.82851308118694
2026-05-13,325.43462477995223,336.4076470088684,324.577510955736,334.79937744140625,165957700,309.003391204834,310.075357170105,0.02268619460807031,0.013390304937893779,0.21256450106992278,327.8609601593017,334.2898122425553,321.43210807604817
2026-05-14,333.61275095243275,336.91258914483205,331.54021665882647,334.0112548828125,127859500,309.4992594909668,310.29504473876955,-0.002354014408917693,0.01336248462607324,0.21212286731108226,328.24417907714843,335.18626585459833,321.30209229969853
2026-05-15,331.3200191581909,335.19384120611795,328.9606395400803,332.11942291259766,161551100,309.99322381591793,310.51074982452394,-0.005663976715032049,0.013434405920465424,0.21326458246467178,328.3876978302002,335.5329649837289,321.24243067667146
2026-05-18,330.7234308435153,336.34194581971167,328.0425010604613,331.7408218383789,144583900,310.5865368652344,310.65129568481444,-0.0011399546310737474,0.013478572147193411,0.21396569957829387,328.75038146972656,335.7977232480263,321.70303969142685
2026-05-19,330.647748265415,332.7033771511016,325.0254125248856,327.2278717041016,168425600,311.0393537902832,310.81997720336915,-0.013603843233004342,0.013884584732714839,0.2204109495610061,329.0341952514649,335.27149212983267,322.7968983730971
2026-05-20,326.6886398827317,331.3998286384243,324.8128531088244,329.50816650390624,139700500,311.50677499389644,310.96881327819824,0.006968522540361732,0.011784124065259208,0.18706717017244406,329.1721366119385,335.3180281670205,323.02624505685657
2026-05-21,327.3048827957847,333.1411288809418,325.0734323268548,331.20118713378906,146499600,312.0132731628418,311.1399808654785,0.005138023278287163,0.01121385376059652,0.178014409735109,329.55886154174806,335.1406119585209,323.97711112497524
2026-05-22,331.4649159625848,334.58128296852493,329.4386611216704,331.0367233276367,127183600,312.63856927490235,311.2785143280029,-0.0004965676831524268,0.01122344962116233,0.1781667392991457,329.6621619415283,335.27446879792546,324.0498550851312
2026-05-26,331.50267140051085,334.3551828859951,328.6226986775173,332.14461822509764,150024700,313.41468557739256,311.4245212020874,0.0033467431840317197,0.011205128102438115,0.177875894206034,329.7995310211182,335.5180225905255,324.08103945171086
2026-05-27,331.1621798904255,340.93956897876234,330.7865074222995,338.4603439331055,159293200,314.2204293823242,311.5778218688965,0.01901498733219764,0.01011743343389106,0.160609276633956,330.30520957946777,337.1587971970443,323.45162196189125
2026-05-28,339.10112287017785,341.47059907441894,335.0495153645394,339.2897247314453,168784500,315.0243646850586,311.7417300186157,0.002450451916174101,0.009871694503746227,0.15670829205429418,330.8464111328125,338.72169039789014,322.9711318677348
2026-05-29,337.2356743241176,338.8647754361554,332.9672189979654,335.94918365478514,228792300,315.83935470581054,311.85924354553225,-0.009845688899963734,0.010082583667864518,0.16005605374902587,331.39665885925297,339.07084244894196,323.722475269564
2026-06-01,333.35126992573487,335.4567004927385,324.4673868363752,325.7001266479492,193012400,316.5076521301269,311.93209427642824,-0.030507759820508018,0.011489214568262244,0.18238562704249336,331.3528663635254,339.151858756929,323.55387397012174
2026-06-02,323.6614048471245,328.6543843366763,319.5478077753364,322.5571746826172,197957200,317.2067640991211,311.9777279586792,-0.00964983341480019,0.011316896469699484,0.17965016203133788,331.1652660369873,339.62740332798063,322.703128745994
2026-06-03,323.0134667167399,329.2286548576932,318.8543048522921,324.3980453491211,217407300,317.8576347045898,312.0288185195923,0.0057071143071465436,0.011236640963495345,0.17837614536677937,331.01531097412106,339.85640780001637,322.17421414822576
2026-06-04,326.0653140662004,333.3772942976309,324.3265261289933,328.9070343017578,185342400,318.71043231201173,312.1202636795044,0.013899556477857455,0.011133890990326367,0.1767450401094373,330.86431922912595,339.7429350427355,321.9857034155164
2026-06-05,327.4916232781603,330.743858559291,315.8490478647371,319.06847076416017,231955200,319.32940164184566,312.18716765594485,-0.029912900946263088,0.012299064707619352,0.19524159945031283,330.2217652893067,340.52467911099615,319.91885146761723
2026-06-08,318.5489633079004,321.3153452339804,312.82724581581925,315.3207183837891,192360200,320.11392388916016,312.2500821609497,-0.011745918897581142,0.012013761058873185,0.19071254443398272,329.36924003601075,341.5701692510853,317.1683108209362
2026-06-09,317.3445127479417,320.3415166198975,309.271348629964,312.7027587890625,195833900,321.0081955261231,312.31179434967044,-0.008302529590016205,0.012068781803819787,0.19158597168245206,328.6757782745361,342.94703704473676,314.4045195043355
2026-06-10,311.70018683461484,315.98918404706427,306.0312684064514,307.4962585449219,177109200,321.7631903991699,312.3159462203979,-0.016649997794399796,0.012373906208149913,0.19642967143921747,327.6819641876221,344.8163999707966,310.5475284044476
2026-06-11,306.76570389545435,310.14858918265634,301.3606632205688,308.63024139404297,170491700,322.27135079956054,312.32501613616944,0.0036877939734523135,0.012411657472393202,0.19702895418041363,326.3735073852539,345.1386296325548,307.608385137953
2026-06-12,310.98400563644657,312.7322404564192,303.378227922496,307.04526672363284,164269400,322.66604208374025,312.3229955749512,-0.005135513173469386,0.01231785415502413,0.19553987268094505,325.02520797729494,345.2944695685436,304.7559463860463
2026-06-15,313.3285858193959,320.11793172403367,312.35926748710136,317.19586181640625,169255800,323.2788664855957,312.3767552871704,0.03305895316702534,0.013825637562675921,0.21947519224652204,324.2790299224854,344.5474353481869,304.01062449678386
2026-06-16,317.488014202112,322.55036711848135,315.0468138833009,319.2898193359375,176336300,323.8975624389648,312.42778701782225,0.006601465440123855,0.01389295430352918,0.22054381237873666,323.65647979736326,343.72374425517023,303.5892153395563
2026-06-17,316.80336296542,318.3204538926419,306.8794605799756,308.1687515258789,182886600,324.2817998046875,312.4396460037231,-0.0348306370468946,0.015202920079608436,0.24133887439580526,322.7035237884521,343.838449346596,301.5685982303082
2026-06-18,310.55728223046543,314.6572107948361,305.72015466734683,312.8163101196289,326801700,324.508621673584,312.48535790252686,0.015081213039082941,0.015249019288237083,0.24207067664581497,321.86893096923825,343.18992161633565,300.54794032214085
2026-06-22,308.5125692654516,311.0589643448857,300.2846709776901,303.0569595336914,263692000,324.4052230834961,312.4505234680176,-0.031198343149707486,0.016154736882231475,0.25644849771640454,320.46171958923344,342.87633623545173,298.04710294301515
2026-06-23,301.0742735772486,306.6048953995263,299.82311069670806,301.72813873291017,210421300,324.25165197753904,312.3817323684692,-0.004384722934018259,0.01613651617465371,0.2561592529506302,318.99629035949704,342.3139508371659,295.67862988182816
2026-06-24,302.3816384248344,307.431188205931,298.81796086243054,300.24717102050784,230326900,324.03202404785156,312.3038669052124,-0.004908285049652905,0.015912696768339514,0.25260623002444527,317.4014179992676,341.28894710256463,293.5138888959706
2026-06-25,296.4255882877982,299.0120932684585,289.06047791505887,291.750798034668,290594700,323.4369557189941,312.1826164855957,-0.02829792852655899,0.016548742630880013,0.2627031450727277,315.06594070434573,339.413440655194,290.7184407534975
2026-06-26,291.78091033490097,299.470391063957,288.31909844041024,295.40496826171875,718711900,322.82786791992186,312.0599836425781,0.012524970802707314,0.01608763807300597,0.25538333714152905,312.8717028808594,335.9015330244223,289.8418727372965
2026-06-29,299.29834802758666,307.6947438728342,297.0300030355605,302.1992706298828,235701100,322.34491580200194,312.0024416885376,0.0229999597100361,0.016828089639105672,0.2671376413522577,311.18420722961423,331.92648530029976,290.4419291589287
2026-06-30,301.2016152110692,305.6927592209753,297.95963862565003,303.76737213134766,233917700,321.83528228759764,311.9541918411255,0.005188965208937857,0.01688968486582326,0.268115435263318,310.08756950378415,329.8966328903348,290.2785061172335
2026-07-01,314.2195039250793,321.2231682201058,309.4025060739983,316.68418884277344,220108600,321.6792230834961,311.9647070770264,0.04252206753080978,0.01881224071519601,0.2986350632177551,309.79392021179194,328.98928669464595,290.59855372893793
2026-07-02,315.44725516548107,321.5616755461481,308.5144369504966,314.16064300537107,226736400,321.5314040222168,311.93546733856203,-0.007968651187240883,0.018713811871654225,0.29707255376667163,309.28205009460453,327.35058934202755,291.2135108471815
2026-07-06,316.73276265823125,321.721387064548,312.3554261791169,319.7223526000977,183280500,321.3908642883301,311.9163532333374,0.01770339384819608,0.018975950073491486,0.3012338687138179,308.8228160095215,325.1766954296698,292.4689365893732
2026-07-07,323.1644288670483,328.02506041569325,319.42637854052066,322.88822479248046,158933300,321.37929501342774,311.91675507354734,0.009901942002605635,0.01904741596138762,0.30236835451340344,309.01380371093745,325.9503246627008,292.0772827591741
2026-07-08,322.122494847362,323.8213391557554,315.5047738477028,319.33237915039064,141051300,321.1865282897949,311.89594037628177,-0.01101262099097966,0.019140622115997884,0.3038479563479598,309.2143867492676,326.555596745076,291.8731767534592
2026-07-09,312.3948627665133,326.29936825130005,309.5267714019607,325.6197967529297,173830700,321.1109794921875,311.8959812927246,0.0196892580053023,0.01949846027801523,0.30952846106579784,309.86023864746096,328.6501277201353,291.07034957478663
2026-07-10,331.3116959814436,335.65651016566443,327.7671163008771,331.8782363891602,171255200,321.18160876464844,311.93541970062256,0.019220083356845885,0.019505564979547935,0.3096412447061671,311.07933753967285,332.2379587982302,289.9207162811155
2026-07-13,330.4292896815044,336.4515311624765,327.72120865099544,329.3344451904297,148738100,321.19898379516604,311.98218772125244,-0.007664832820636236,0.019540727847885873,0.31019943793620247,312.1145477294922,334.74350977324053,289.48558568574384
2026-07-14,326.8279819954388,332.8781214792857,325.4247732654888,331.08128967285154,134764600,321.3217250061035,312.041020324707,0.005304165743767797,0.019494808122194073,0.3094704848894856,313.3163488769531,337.32286248937663,289.30983526452957
2026-07-15,332.3406181655679,343.7871555226742,330.7197942457892,341.462467956543,186340500,321.6194548339844,312.16190338134766,0.031355375877474945,0.01946144974497226,0.308940937067868,314.52967918395996,341.6170438634502,287.4423145044697
2026-07-16,341.2727296242789,344.70856040035346,331.83229574757314,335.0922134399414,242794000,321.79511547851564,312.25486749267577,-0.018655797091621462,0.01971136533987084,0.31290822414501845,315.31979888916015,343.87397046335104,286.76562731496927
2026-07-17,326.9201934041247,330.8826335270627,320.8067153880638,328.33604736328124,301235900,321.81389349365236,312.31593927764897,-0.020162110027277858,0.020081499108764042,0.3187839155709292,316.3281636810303,345.241164390957,287.41516297110354
2026-07-20,329.4294570797412,333.3852406947952,324.7788779629949,328.2006301879883,181505400,321.7393687133789,312.38942082214356,-0.00041243468812035555,0.01992396167548189,0.3162830863470412,317.09737968444824,346.43248934065116,287.7622700282453
2026-07-21,328.82800557899066,330.7726246352232,324.9124513575326,326.7813781738281,158147100,321.6366052856445,312.4719181518555,-0.004324342745311793,0.019125646816440214,0.3036102308373301,318.2836006164551,347.14300628861463,289.42419494429555
2026-07-22,328.0706150811757,329.1879828305429,319.77595668538737,321.50697021484376,168169600,321.41932022094727,312.5149615402222,-0.016140478960152582,0.019242890009857645,0.3054714088335155,319.27254219055175,347.07960997618216,291.46547440492134
2026-07-23,311.0273387059964,313.83565750186347,306.04831185004645,309.4081573486328,218249700,321.0760434875488,312.51721852874755,-0.03763157252275451,0.020431025850131623,0.3243324805762817,319.730591506958,346.5005746817198,292.96060833219616
2026-07-24,309.64417340681666,314.6365173148344,306.3500545860116,309.83765563964846,163410400,320.72534579467776,312.5104094696045,0.0013881285312451475,0.020192772951763034,0.3205503330669399,320.634934387207,344.488199031971,296.781669742443
2026-07-27,314.4168117813716,317.56062634337275,310.2972054382361,311.63231658935547,163361500,320.26200457763673,312.51635707855223,0.005792262228430545,0.020208058489603407,0.3207929834576289,321.4463018035889,342.64201242897144,300.2505911782063
2026-07-28,313.73914388845543,317.130969830543,309.08190311807306,313.8949157714844,185062000,319.85967779541016,312.5226775894165,0.007260476727483978,0.020215159161105226,0.3209057031232411,322.03108406066895,341.5716600559847,302.4905080653532
2026-07-29,313.6369020878974,318.5219920762788,309.62743193361257,311.96409759521487,194658600,319.45657128906254,312.50661222076417,-0.006151161039114061,0.019313934383387948,0.30659920329998486,322.4409203338623,340.66833607140205,304.2135045963226
2026-07-30,299.4427086454415,304.66993729667786,297.0240387582831,302.7726654052734,303358100,318.8772081604004,312.4988582305908,-0.029463108930783743,0.019975848682404956,0.31710676704660473,321.7453441619873,341.86162466722743,301.6290636567472
2026-07-31,305.05994008213975,314.52833441943267,302.4874127514783,312.82121124267576,368150900,318.5890749511719,312.5174455947876,0.03318841819472684,0.019931305999720133,0.3163996738799345,321.6783725738525,341.909564095545,301.44718105216003
2026-08-03,317.47702336736063,329.23563744643764,314.90295617474976,324.7106353759765,264412300,318.4931243286133,312.6051480026245,0.03800709065114294,0.020917178630438234,0.3320499167115252,321.9277867126465,342.1804264608034,301.67514696448956
2026-08-04,320.01281384481865,327.5141229460684,318.84766307216506,324.99744110107423,234291900,318.369049407959,312.68031082916264,0.0008832655720243388,0.01998970232055413,0.31732668673438186,322.03324752807623,342.32886606866066,301.7376289874918
2026-08-05,329.77473501727,330.85810109507685,317.0999948165444,321.6169830322266,185351500,318.18065460205077,312.7485569458008,-0.010401491339115831,0.020091344568232757,0.31894020739471357,322.147477722168,342.4047713645001,301.8901840798359
2026-08-06,321.800913475716,325.08883437902705,319.0624488519512,321.0091796875,142752900,317.95794583129884,312.80212607574464,-0.0018898359750662008,0.02006141038770664,0.31846501701047786,321.9169468688965,342.11270502491874,301.72118871287427
2026-08-07,319.7681354830476,324.85720093895384,319.0026307345029,321.4770904541016,124227800,317.6182807617188,312.82232132720947,0.0014576242556585406,0.019207454496505336,0.3049088874980548,321.39688957214355,341.0407345625273,301.7530445817598
2026-08-10,321.6498838496667,325.96614659135946,319.1653238683245,322.8762435913086,141463000,317.29001113891604,312.8481331863403,0.004352263905432974,0.019131627134761464,0.30370516544756426,321.0739794921875,340.37781793925865,301.77014104511636
2026-08-11,323.1659603676143,326.8475612923864,316.94629633208285,318.8393295288086,139441600,316.9478140563965,312.8732762680054,-0.012502976427122503,0.018958345981016558,0.300954412409344,320.4618814849854,339.19763662549195,301.7261263444788
2026-08-12,319.8627091091891,320.8141467153979,311.9310197512521,313.09056549072267,133570900,316.69562283325195,312.86371334075926,-0.018030285180255734,0.019293033764828663,0.3062674162662531,319.04328636169436,335.20333390015514,302.88323882323357
2026-08-13,314.65199367936265,319.4133207155376,312.93446233113093,317.8536636352539,143002700,316.6015526123047,312.8623402786255,0.015213164079427965,0.017867044564128316,0.2836305394823518,318.18135887145996,332.46744087285424,303.8952768700657
2026-08-14,318.48928566263106,320.72804950191085,315.5167949809713,316.3605224609375,108798700,316.440802154541,312.82304290771486,-0.004697574214622913,0.017824921691982746,0.28296185961712206,317.5825826263428,331.05743051767286,304.10773473501274
2026-08-17,316.9564988331033,317.74829699075315,308.5530005806191,311.04406280517577,148335700,316.08354272460934,312.75507736968996,-0.0168050666195817,0.01778225075138307,0.28228447943490637,316.72475425720216,329.5207788393767,303.9287296750276
2026-08-18,308.9740850109372,311.52726220594536,304.512629949651,306.89403839111327,169090800,315.84005407714847,312.65751246643066,-0.013342239606296213,0.017807849889064715,0.2826908531474064,315.7303872680664,328.3251952202081,303.1355793159247
2026-08-19,306.4786301608339,313.396068907095,304.71349839341826,310.5975952148437,154435300,315.74559161376953,312.6633725204468,0.012067868255591696,0.017882871972232543,0.28388179179680684,315.1849185180664,327.67082265871466,302.69901437741817
2026-08-20,310.0236648644803,311.68707286423603,305.3994426198444,307.4801483154297,128894300,315.6411394042969,312.64867351531984,-0.010036931861167941,0.01753023427400975,0.2782838418823843,315.08851806640627,327.7901235498425,302.38691258297
2026-08-21,308.37972827933737,310.6741675688979,305.2405877464782,308.3269775390625,141071400,315.6577537841797,312.63970140838626,0.0027540939741061976,0.017103251968741663,0.2715057079185978,315.01298416137695,327.8631652412567,302.1628030814972
2026-08-24,308.83509122062065,313.9302900948127,307.2358407541013,311.76713104248046,123158200,315.72049157714844,312.6688555374146,0.011157484599225942,0.017244679529308242,0.27375080084133596,315.0197248840332,327.8625784853836,302.17687128268284
2026-08-25,313.1601579028343,316.0449921542193,310.75506219094007,313.90551605224607,111300800,315.8576965637207,312.6918186569214,0.006858917431787459,0.017268718945987836,0.2741324147505195,315.0202548980713,327.8629139204572,302.1775958756854
2026-08-26,317.97435964822023,319.88585396012724,309.94767030450373,314.5311965942383,130264400,315.80440325927736,312.742096534729,0.0019932129573920765,0.016129202741321604,0.25604315579566933,315.14860984802243,327.91373966851165,302.3834800275332
2026-08-27,313.2654379271452,317.1213046983738,309.83498083351907,312.35215454101564,134134200,315.6656499633789,312.783884437561,-0.006927904375837568,0.01586685458552847,0.251878507932799,315.6275843048096,327.0898647123047,304.1653038973145
2026-08-28,313.4240872015387,321.9842251328746,312.7562312004837,318.3563171386719,158679100,315.8694012756348,312.82758867645265,0.0192224145419424,0.015960041184640446,0.25335779933344393,315.9043395996094,327.3485914402861,304.4600877589327
2026-08-31,317.04271851068535,317.9844520279901,311.2409182123976,313.73813781738284,164950300,315.88783782958984,312.84351808929443,-0.014506322232888058,0.016151317383131733,0.2563942148510466,315.35571472167965,326.0498702887737,304.6615591545856
2026-09-01,309.13476623121085,317.34442273255104,306.9514958961443,314.7497039794922,145172000,316.12169271850587,312.8916714706421,0.003224237158882426,0.016162583282217806,0.2565730554547104,314.8433278656006,324.5265975535089,305.1600581776923
2026-09-02,314.7717879505479,321.4896242891918,313.27623653287526,318.3911758422852,119002500,316.45495346069333,312.97273958587647,0.011569421088415854,0.016066297685254544,0.25504456898829725,314.68203750610354,323.990456566057,305.3736184461501
2026-09-03,321.72090829525524,327.468021028586,321.090986680796,324.4476837158203,128587700,316.93896371459965,313.0943077850342,0.019022222765794128,0.014794010782635352,0.23484764054436705,314.85396270751954,324.7621264105816,304.9457990044575
2026-09-04,324.77741527517526,326.6486155370821,318.65253553684266,322.2947265625,149702300,317.5498422851562,313.2116319198608,-0.0066357605906228745,0.014871957320783615,0.23608500347735933,314.8948445129394,324.92407895923856,304.8656100666403
2026-09-08,320.4948239572971,324.08145902688693,317.6098336143823,320.2632400512695,140566100,318.04700772094725,313.3303820953369,-0.006303195006935769,0.014913266433230774,0.23674076530785523,314.76419433593753,324.41664842293113,305.11174024894393
2026-09-09,324.94569394963776,327.9502395232727,320.4752821312169,325.518896484375,190527400,318.5134002380371,313.4770807952881,0.01641042672354187,0.015137221245369935,0.2402959377348737,315.09817268371586,325.7543588560064,304.44198651142534
2026-09-10,324.7069148171528,330.4793607327288,322.0987327797764,326.1883804321289,160635200,318.96182040405273,313.6438278427124,0.0020566669246682157,0.01507150663851625,0.2392527506914383,315.75306343078614,327.4489243829403,304.057202478632
2026-09-11,329.24094181257635,335.61524604506764,327.2620912753092,330.49380645751955,141312100,319.23801275634764,313.8094201660156,0.013199201086460777,0.01401552120326542,0.22248950159275832,316.3850705718994,329.7987780105836,302.9713631332152
2026-09-14,333.46826027128435,338.0905531919746,330.2836119517391,336.2810256958008,159804700,319.6804204101563,313.95367319488525,0.017510825090227833,0.013115172042348744,0.20819690175529112,317.3810957336426,333.4772734732338,301.2849179940514
2026-09-15,333.4680232136144,338.1869400852489,330.28251966587106,334.47029876708984,137482400,319.9753793334961,314.05906635284424,-0.0053845646657118,0.011335831665718473,0.17995074894949292,318.55240753173825,336.0549270621323,301.0498880013442
2026-09-16,336.9627637321101,339.1419184929651,332.66603195766595,334.0858123779297,130992500,320.1993310852051,314.1668107070923,-0.001149538211845491,0.011342933791969361,0.18006349170853073,319.9119962310791,337.8211580648873,302.00283439727093
2026-09-17,338.66637354030433,340.0382553294852,333.02680236047223,338.5203918457031,130473000,320.5830913391113,314.2754106063843,0.013273773693678548,0.011347227972443625,0.1801316597102491,321.30813606262205,340.4696987998199,302.1465733254242
2026-09-18,341.4973988219687,343.0691607012119,332.64978882463924,335.27901153564454,328504600,320.7762756347656,314.3736874465942,-0.009575140488245593,0.011518191183473952,0.1828456165486129,322.6980792236328,341.66824603783897,303.72791240942666
2026-09-21,338.8879989624023,356.7219985961914,337.427995300293,353.4020050048828,194102500,321.2067510070801,314.5516111907959,0.05405346844179526,0.0149890565094396,0.23794389546882636,324.9518305969238,347.16602201760355,302.73763917624404
2026-09-22,351.59800720214844,359.9080062866211,348.8660003662109,350.92999572753905,174977600,321.6386620178223,314.73030379486084,-0.006994893187744156,0.015103486339467622,0.23976041270575557,326.9099738311767,351.0513390302218,302.76860863213165
2026-09-23,352.72398986816404,356.4120040893555,346.2580032348633,347.9159912109375,175080900,321.975356048584,314.8815259780884,-0.008588620389525348,0.014982345075743857,0.23783735476182855,328.61049758911133,353.6688606765696,303.5521345016531
2026-09-24,346.98799896240234,356.85800018310545,346.0279983520508,355.3940063476563,144582800,322.25398681640627,315.05912271118166,0.02149373792992737,0.014804143711461763,0.23500849580273145,330.6536380767822,357.47966070143116,303.8276154521333
2026-09-25,353.48599700927736,356.1980041503906,348.0679916381836,351.4939987182617,135177000,322.58202252197265,315.2381203460693,-0.010973757462807265,0.014912420349184724,0.2367273341400106,332.61073028564454,359.52596060761937,305.6954999636697
2026-09-28,349.8579986572266,351.31600189208984,340.88000030517577,342.429997253418,156045200,322.86390151977537,315.37800929260254,-0.025787073173072717,0.015782196177286423,0.2505345973652048,333.8144142913818,360.193406397382,307.43542218538164
2026-09-29,344.19200439453124,348.1160003662109,339.4219955444336,345.21599731445315,151038200,323.2042088623047,315.5340556106567,0.008135969638703555,0.015367378226557185,0.2439495665432347,335.38830726623536,360.4469322251746,310.32968230729614
